Name,College,Years_Played,First_Season,Last_Season,Games_Played,Games_Started,Link
Don,Oakes Virginia Tech,8,1961,1968,104,https://www.profootballarchives.com/players/o/oake00200.html
Anthony,Oakley Indiana; Western Kentucky,1,2007,2007,3,https://www.profootballarchives.com/players/o/oakl00100.html
Charley,Oakley Louisiana State,1,1954,1954,1,https://www.profootballarchives.com/players/o/oakl00200.html
Ben,Oas St. Mary's (Minnesota),1,1929,1929,7,https://www.profootballarchives.com/players/o/oas000200.html
Bart,Oates Brigham Young,11,1985,1995,172,https://www.profootballarchives.com/players/o/oate00200.html
Brad,Oates Duke; Brigham Young,8,1976,1981,67,https://www.profootballarchives.com/players/o/oate00400.html
Victor,Oatis Northwestern State (Louisiana),1,1983,1983,9,https://www.profootballarchives.com/players/o/oati00200.html
Carleton,Oats Florida A&M,9,1965,1973,111,https://www.profootballarchives.com/players/o/oats00200.html
Efe,Obada none,7,2018,2024,81,https://www.profootballarchives.com/players/o/obad00200.html
Ronnie,O'Bard Idaho; Grossmont JC; Brigham Young,1,1985,1985,16,https://www.profootballarchives.com/players/o/obar00200.html
Vic,Obeck Springfield,2,1945,1946,22,https://www.profootballarchives.com/players/o/obec00200.html
Dunc,Obee Dayton,1,1941,1941,3,https://www.profootballarchives.com/players/o/obee00200.html
Terry,Obee Oregon,2,1991,1993,17,https://www.profootballarchives.com/players/o/obee00400.html
Roman,Oben Louisville,12,1996,2007,143,https://www.profootballarchives.com/players/o/oben00200.html
Ray,Oberbroekling Loras,1,1924,1924,1,https://www.profootballarchives.com/players/o/ober00200.html
Tom,Oberg Oregon State; Portland State,2,1968,1969,16,https://www.profootballarchives.com/players/o/ober00400.html
Herman,O'Berry Oregon,1,1996,1996,9,https://www.profootballarchives.com/players/o/ober00600.html
Cyril,Obiozor Texas A&M,3,2009,2010,8,https://www.profootballarchives.com/players/o/obio00200.html
Ben,Obomanu Auburn,6,2007,2013,69,https://www.profootballarchives.com/players/o/obom00200.html
Harry,O'Boyle Notre Dame,3,1928,1933,24,https://www.profootballarchives.com/players/o/oboy00200.html
Ed,O'Bradovich Illinois,10,1962,1971,124,https://www.profootballarchives.com/players/o/obra00200.html
Jim,Obradovich El Camino JC; Southern California,9,1975,1983,129,https://www.profootballarchives.com/players/o/obra00400.html
Bill,O'Brien none,1,1947,1947,9,https://www.profootballarchives.com/players/o/obri00200.html
Con,O'Brien Boston College,2,1921,1926,4,https://www.profootballarchives.com/players/o/obri00400.html
Dave,O'Brien Boston College,5,1963,1967,60,https://www.profootballarchives.com/players/o/obri00600.html
Davey,O'Brien Texas Christian,2,1939,1940,22,https://www.profootballarchives.com/players/o/obri00800.html
Fran,O'Brien Michigan State,11,1959,1968,126,https://www.profootballarchives.com/players/o/obri01000.html
Gail,O'Brien Nebraska,3,1934,1936,31,https://www.profootballarchives.com/players/o/obri01200.html
Jack,O'Brien Minnesota,1,1929,1929,1,https://www.profootballarchives.com/players/o/obri01400.html
Jack,O'Brien Florida,3,1954,1956,31,https://www.profootballarchives.com/players/o/obri01600.html
Jim,O'Brien Cincinnati,4,1970,1973,52,https://www.profootballarchives.com/players/o/obri01800.html
Ken,O'Brien Sacramento State; UC Davis,10,1984,1993,129,https://www.profootballarchives.com/players/o/obri02000.html
Mike,O'Brien Olympic JC; California,1,1979,1979,3,https://www.profootballarchives.com/players/o/obri02190.html
Mike,Obrovac Bowling Green State,3,1981,1983,25,https://www.profootballarchives.com/players/o/obro00200.html
Henry,Obst Syracuse,2,1931,1933,3,https://www.profootballarchives.com/players/o/obst00200.html
John,O'Callaghan San Diego State; Golden West JC; San Diego State; Long Beach State,1,1987,1987,1,https://www.profootballarchives.com/players/o/ocal00200.html
Ryan,O'Callaghan California,4,2006,2010,51,https://www.profootballarchives.com/players/o/ocal00400.html
Victor,Ochi Stony Brook,1,2016,2016,2,https://www.profootballarchives.com/players/o/ochi00100.html
Aidan,O'Connell Purdue,2,2023,2024,20,https://www.profootballarchives.com/players/o/ocon00150.html
Grattan,O'Connell Boston College,2,1926,1927,12,https://www.profootballarchives.com/players/o/ocon00200.html
Jake,O'Connell Miami (Ohio),4,2009,2012,35,https://www.profootballarchives.com/players/o/ocon00510.html
Kevin,O'Connell San Diego State,1,2008,2008,2,https://www.profootballarchives.com/players/o/ocon00530.html
Milt,O'Connell Lafayette,2,1924,1925,13,https://www.profootballarchives.com/players/o/ocon00600.html
Patrick,O'Connell Mary; Montana,2,2023,2024,6,https://www.profootballarchives.com/players/o/ocon00700.html
Tommy,O'Connell Notre Dame; Illinois,5,1953,1961,45,https://www.profootballarchives.com/players/o/ocon00800.html
Bill,O'Connor Notre Dame,3,1948,1951,37,https://www.profootballarchives.com/players/o/ocon01000.html
Bob,O'Connor Stanford,1,1935,1935,7,https://www.profootballarchives.com/players/o/ocon01200.html
Dan,O'Connor Boston College; Georgetown (DC),2,1920,1921,11,https://www.profootballarchives.com/players/o/ocon01400.html
Frank,O'Connor Holy Cross,1,1926,1926,2,https://www.profootballarchives.com/players/o/ocon01600.html
Pat,O'Connor Eastern Michigan,7,2017,2024,80,https://www.profootballarchives.com/players/o/ocon01990.html
Paul,O'Connor Miami (Florida),1,1987,1987,2,https://www.profootballarchives.com/players/o/ocon02000.html
Red,O'Connor DePaul,4,1920,1924,16,https://www.profootballarchives.com/players/o/ocon02200.html
Tom,O'Connor Nassau CC; South Carolina,1,1987,1987,3,https://www.profootballarchives.com/players/o/ocon02400.html
Steve,Octavien Harper JC; Nebraska,3,2008,2010,18,https://www.profootballarchives.com/players/o/octa00200.html
Dorian,O'Daniel Clemson,4,2018,2021,58,https://www.profootballarchives.com/players/o/odan00150.html
Don,Odegard Oregon State; Nevada-Las Vegas,2,1990,1991,30,https://www.profootballarchives.com/players/o/odeg00200.html
Stu,O'Dell Indiana,4,1974,1978,39,https://www.profootballarchives.com/players/o/odel00200.html
Mel,Odelli Duquesne,1,1945,1945,2,https://www.profootballarchives.com/players/o/odel00400.html
Curly,Oden Brown,7,1925,1932,67,https://www.profootballarchives.com/players/o/oden00100.html
Derrick,Oden Alabama,3,1993,1995,35,https://www.profootballarchives.com/players/o/oden00200.html
McDonald,Oden Tennessee State,3,1980,1982,41,https://www.profootballarchives.com/players/o/oden00400.html
Ifeadi,Odenigbo Northwestern,6,2018,2022,55,https://www.profootballarchives.com/players/o/oden00550.html
Dayo,Odeyingbo Vanderbilt,4,2021,2024,61,https://www.profootballarchives.com/players/o/odey00400.html
Rees,Odhiambo Boise State,3,2016,2018,16,https://www.profootballarchives.com/players/o/odhi00200.html
Osa,Odighizuwa UCLA,4,2021,2024,67,https://www.profootballarchives.com/players/o/odig00190.html
Owa,Odighizuwa UCLA,2,2015,2016,18,https://www.profootballarchives.com/players/o/odig00200.html
Phil,Odle Brigham Young,3,1968,1970,31,https://www.profootballarchives.com/players/o/odle00200.html
Antwan,Odom Alabama,7,2004,2010,74,https://www.profootballarchives.com/players/o/odom00050.html
Chris,Odom Arkansas State,2,2017,2019,11,https://www.profootballarchives.com/players/o/odom00140.html
Cliff,Odom Texas-Arlington,13,1980,1993,167,https://www.profootballarchives.com/players/o/odom00200.html
Henry,Odom South Carolina State,1,1983,1983,16,https://www.profootballarchives.com/players/o/odom00400.html
Jason,Odom Florida,4,1996,1999,46,https://www.profootballarchives.com/players/o/odom00500.html
Joe,Odom Purdue,3,2003,2005,28,https://www.profootballarchives.com/players/o/odom00550.html
Ricky,Odom Southern California,3,1978,1979,14,https://www.profootballarchives.com/players/o/odom00800.html
Sammy,Odom Northwestern State (Louisiana),1,1964,1964,14,https://www.profootballarchives.com/players/o/odom01000.html
Steve,Odom Utah,7,1974,1979,81,https://www.profootballarchives.com/players/o/odom01200.html
Nate,Odomes Wisconsin,8,1987,1996,115,https://www.profootballarchives.com/players/o/odom01400.html
Riley,Odoms Houston,12,1972,1983,153,https://www.profootballarchives.com/players/o/odom01600.html
Pat,O'Donahue Wisconsin,2,1952,1955,22,https://www.profootballarchives.com/players/o/odon00200.html
Carter,O'Donnell Alberta,1,2023,2023,5,https://www.profootballarchives.com/players/o/odon00340.html
Dicky,O'Donnell none,9,1923,1931,92,https://www.profootballarchives.com/players/o/odon00400.html
Joe,O'Donnell Michigan,7,1964,1971,91,https://www.profootballarchives.com/players/o/odon00600.html
Neil,O'Donnell Maryland,13,1991,2003,125,https://www.profootballarchives.com/players/o/odon00700.html
Pat,O'Donnell Cincinnati; Miami (Florida),10,2014,2024,153,https://www.profootballarchives.com/players/o/odon00731.html
Neil,O'Donoghue St. Bernard; Auburn,9,1977,1985,110,https://www.profootballarchives.com/players/o/odon01000.html
Jared,Odrick Penn State,7,2010,2016,87,https://www.profootballarchives.com/players/o/odri00200.html
Urban,Odson Minnesota,4,1946,1949,44,https://www.profootballarchives.com/players/o/odso00200.html
Thomas,Odukoya West Hills JC; Garden City CC; Eastern Michigan,1,2024,2024,3,https://www.profootballarchives.com/players/o/oduk00200.html
George,Odum Central Arkansas,7,2018,2024,105,https://www.profootballarchives.com/players/o/odum00100.html
Rome,Odunze Washington,1,2024,2024,17,https://www.profootballarchives.com/players/o/odun00400.html
Matt,O'Dwyer Northwestern,10,1995,2004,122,https://www.profootballarchives.com/players/o/odwy00200.html
Vern,Oech Montana; Minnesota,2,1936,1937,9,https://www.profootballarchives.com/players/o/oech00200.html
Johnny,Oehler Purdue,4,1933,1936,40,https://www.profootballarchives.com/players/o/oehl00200.html
Arnie,Oehlrich Nebraska,2,1928,1929,33,https://www.profootballarchives.com/players/o/oehl00400.html
John,Oelerich St. Ambrose,2,1938,1938,5,https://www.profootballarchives.com/players/o/oele00200.html
John,Offerdahl Western Michigan,8,1986,1993,89,https://www.profootballarchives.com/players/o/offe00200.html
Kendrick,Office West Alabama,2,2001,2002,18,https://www.profootballarchives.com/players/o/offi00100.html
Tony,Office Illinois State,1,1987,1987,3,https://www.profootballarchives.com/players/o/offi00200.html
Willie,Offord South Carolina,4,2002,2005,47,https://www.profootballarchives.com/players/o/offo00200.html
A.J.,Ofodile Missouri,3,1997,1999,24,https://www.profootballarchives.com/players/o/ofod00200.html
Dave,Ogas San Diego State,2,1968,1969,20,https://www.profootballarchives.com/players/o/ogas00200.html
Emmanuel,Ogbah Oklahoma State,9,2016,2024,124,https://www.profootballarchives.com/players/o/ogba00200.html
Eric,Ogbogu Maryland,7,1998,2005,90,https://www.profootballarchives.com/players/o/ogbo00200.html
Amen,Ogbongbemiga Oklahoma State,4,2021,2024,64,https://www.profootballarchives.com/players/o/ogbo00305.html
Chris,Ogbonnaya Texas,7,2009,2014,53,https://www.profootballarchives.com/players/o/ogbo00400.html
Otito,Ogbonnia UCLA,3,2022,2024,34,https://www.profootballarchives.com/players/o/ogbo00600.html
Cedric,Ogbuehi Texas A&M,9,2015,2022,67,https://www.profootballarchives.com/players/o/ogbu00390.html
Jeff,Ogden Eastern Washington,5,1998,2002,67,https://www.profootballarchives.com/players/o/ogde00050.html
Jonathan,Ogden UCLA,12,1996,2007,177,https://www.profootballarchives.com/players/o/ogde00100.html
Ray,Ogden Alabama,8,1965,1971,70,https://www.profootballarchives.com/players/o/ogde00200.html
Kendall,Ogle Maryland,1,1999,1999,2,https://www.profootballarchives.com/players/o/ogle00150.html
Rick,Ogle Colorado,2,1971,1972,10,https://www.profootballarchives.com/players/o/ogle00200.html
Alfred,Oglesby Houston,6,1990,1995,59,https://www.profootballarchives.com/players/o/ogle00400.html
Cedric,Oglesby South Carolina State,1,2001,2001,3,https://www.profootballarchives.com/players/o/ogle00450.html
Evan,Oglesby North Alabama,6,2005,2010,38,https://www.profootballarchives.com/players/o/ogle00500.html
Paul,Oglesby Riverside CC; UCLA,1,1960,1960,14,https://www.profootballarchives.com/players/o/ogle00600.html
Alec,Ogletree Georgia,9,2013,2021,112,https://www.profootballarchives.com/players/o/ogle00750.html
Andrew,Ogletree Findlay; Youngstown State,2,2023,2024,29,https://www.profootballarchives.com/players/o/ogle00755.html
Craig,Ogletree Auburn,1,1990,1990,11,https://www.profootballarchives.com/players/o/ogle00800.html
Kevin,Ogletree Virginia,7,2009,2014,69,https://www.profootballarchives.com/players/o/ogle01000.html
Pat,Ogrin Wyoming,2,1981,1982,8,https://www.profootballarchives.com/players/o/ogri00200.html
Dare,Ogunbowale Wisconsin,8,2017,2024,97,https://www.profootballarchives.com/players/o/ogun00050.html
Adetokunbo,Ogundeji Notre Dame,3,2021,2024,36,https://www.profootballarchives.com/players/o/ogun00060.html
Larry,Ogunjobi North Carolina-Charlotte,8,2017,2024,124,https://www.profootballarchives.com/players/o/ogun00100.html
Adewale,Ogunleye Indiana,10,2001,2010,130,https://www.profootballarchives.com/players/o/ogun00200.html
Ifeanyi,Ohalete Southern California,5,2001,2005,78,https://www.profootballarchives.com/players/o/ohal00200.html
Ross,O'Hanley Boston College,6,1960,1965,77,https://www.profootballarchives.com/players/o/ohan00200.html
Shaun,O'Hara Rutgers,11,2000,2010,151,https://www.profootballarchives.com/players/o/ohar00250.html
Ed,O'Hearn Boston College; Lehigh,1,1921,1921,2,https://www.profootballarchives.com/players/o/ohea00200.html
Jack,O'Hearn Cornell,2,1920,1921,6,https://www.profootballarchives.com/players/o/ohea00400.html
Michael,Oher Mississippi,8,2009,2016,110,https://www.profootballarchives.com/players/o/oher00200.html
Earl,Ohlgren Minnesota,1,1942,1942,3,https://www.profootballarchives.com/players/o/ohlg00200.html
Ohmer,none,1,1921,1921,1,https://www.profootballarchives.com/players/o/ohme00200.html
Rich,Ohrnberger Penn State,5,2009,2014,39,https://www.profootballarchives.com/players/o/ohrn00200.html
David,Ojabo Michigan,3,2022,2024,18,https://www.profootballarchives.com/players/o/ojab00200.html
Michael,Ojemudia Iowa,4,2020,2022,23,https://www.profootballarchives.com/players/o/ojem00400.html
Quinn,Ojinnaka Syracuse,7,2006,2012,62,https://www.profootballarchives.com/players/o/ojin00200.html
Adewale,Ojomo Miami (Florida),1,2012,2012,1,https://www.profootballarchives.com/players/o/ojom00200.html
Moro,Ojomo Texas,2,2023,2024,25,https://www.profootballarchives.com/players/o/ojom00400.html
John,Ojukwu Boise State,2,2023,2024,14,https://www.profootballarchives.com/players/o/ojuk00200.html
Azeez,Ojulari Georgia,4,2021,2024,46,https://www.profootballarchives.com/players/o/ojul00200.html
B.J.,Ojulari Louisiana State,1,2023,2023,17,https://www.profootballarchives.com/players/o/ojul00400.html
Ty,Okada Montana State,2,2023,2024,9,https://www.profootballarchives.com/players/o/okad00200.html
Alex,Okafor Texas,9,2013,2021,106,https://www.profootballarchives.com/players/o/okaf00200.html
Frank,Okam Texas,5,2008,2011,25,https://www.profootballarchives.com/players/o/okam00200.html
Tony,Okanlawon Maryland,1,2003,2003,1,https://www.profootballarchives.com/players/o/okan00200.html
Chike,Okeafor Purdue,10,1999,2009,150,https://www.profootballarchives.com/players/o/okea00200.html
Bobby,Okereke Stanford,6,2019,2024,93,https://www.profootballarchives.com/players/o/oker00200.html
Earl,Okine Florida,1,2015,2015,5,https://www.profootballarchives.com/players/o/okin00200.html
Chukky,Okobi Purdue,7,2001,2007,78,https://www.profootballarchives.com/players/o/okob00200.html
Steve,Okoniewski Washington; Everett CC; Washington; Montana,6,1972,1977,52,https://www.profootballarchives.com/players/o/okon00200.html
Chigoziem,Okonkwo Maryland,3,2022,2024,51,https://www.profootballarchives.com/players/o/okon00300.html
Chuks,Okorafor Western Michigan,7,2018,2024,80,https://www.profootballarchives.com/players/o/okor00100.html
Obo,Okoronkwo Oklahoma,6,2019,2024,79,https://www.profootballarchives.com/players/o/okor00150.html
Kenny,Okoro Wake Forest,1,2014,2014,2,https://www.profootballarchives.com/players/o/okor00200.html
Amobi,Okoye Louisville,6,2007,2012,87,https://www.profootballarchives.com/players/o/okoy00100.html
Christian,Okoye Azusa Pacific,6,1987,1992,79,https://www.profootballarchives.com/players/o/okoy00200.html
Sam,Okuayinonu Mesabi Range CC; Maryland,2,2022,2024,22,https://www.profootballarchives.com/players/o/okua00200.html
Jeff,Okudah Ohio State,5,2020,2024,44,https://www.profootballarchives.com/players/o/okud00200.html
Russell,Okung Oklahoma State,11,2010,2020,131,https://www.profootballarchives.com/players/o/okun00200.html
Julian,Okwara Notre Dame,5,2020,2024,51,https://www.profootballarchives.com/players/o/okwa00100.html
Romeo,Okwara Notre Dame,8,2016,2023,92,https://www.profootballarchives.com/players/o/okwa00200.html
Albert,Okwuegbunam Missouri,4,2020,2023,29,https://www.profootballarchives.com/players/o/okwu00200.html
Michael,Ola Hampton,7,2014,2019,40,https://www.profootballarchives.com/players/o/ola000200.html
Kitan,Oladapo Oregon State,1,2024,2024,9,https://www.profootballarchives.com/players/o/olad00050.html
Chris,Oladokun South Florida; Samford; South Dakota State,1,2024,2024,1,https://www.profootballarchives.com/players/o/olad00400.html
Cliff,Olander New Mexico State,3,1977,1979,15,https://www.profootballarchives.com/players/o/olan00200.html
Deji,Olatoye Colorado; North Carolina A&T State,4,2015,2017,15,https://www.profootballarchives.com/players/o/olat00200.html
Chris,Olave Ohio State,3,2022,2024,39,https://www.profootballarchives.com/players/o/olav00200.html
Jamize,Olawale Los Angeles Harbor JC; El Camino JC; North Texas,8,2012,2019,109,https://www.profootballarchives.com/players/o/olaw00200.html
Clint,Oldenburg Colorado State,1,2007,2007,2,https://www.profootballarchives.com/players/o/olde00050.html
Bob,Olderman Virginia,1,1985,1985,16,https://www.profootballarchives.com/players/o/olde00200.html
Doug,Oldershaw UC Santa Barbara,3,1939,1941,31,https://www.profootballarchives.com/players/o/olde00400.html
Chris,Oldham Oregon,13,1990,2001,156,https://www.profootballarchives.com/players/o/oldh00200.html
Jim,Oldham Arizona,1,1926,1926,4,https://www.profootballarchives.com/players/o/oldh00400.html
Ray,Oldham Middle Tennessee State,11,1973,1982,125,https://www.profootballarchives.com/players/o/oldh00600.html
Bill,Olds Nebraska,5,1973,1976,52,https://www.profootballarchives.com/players/o/olds00200.html
Dan,O'Leary Notre Dame,3,2001,2002,17,https://www.profootballarchives.com/players/o/olea00100.html
Nick,O'Leary Florida State,6,2015,2019,59,https://www.profootballarchives.com/players/o/olea00700.html
Stan,Olejniczak Pittsburgh,1,1935,1935,12,https://www.profootballarchives.com/players/o/olej00200.html
John,Olenchalk Stanford,2,1981,1982,10,https://www.profootballarchives.com/players/o/olen00200.html
Mitch,Olenski Alabama,2,1946,1947,25,https://www.profootballarchives.com/players/o/olen00600.html
Dave,Olerich San Francisco,7,1967,1973,85,https://www.profootballarchives.com/players/o/oler00200.html
Aaron,Oliker West Virginia,1,1926,1926,1,https://www.profootballarchives.com/players/o/olik00200.html
Elmer,Oliphant Purdue; Army,2,1920,1921,11,https://www.profootballarchives.com/players/o/olip00200.html
Mike,Oliphant Puget Sound,3,1988,1991,26,https://www.profootballarchives.com/players/o/olip00400.html
Bobby,Olive Ohio State,2,1995,1996,2,https://www.profootballarchives.com/players/o/oliv00100.html
Shane,Olivea Ohio State,4,2004,2007,60,https://www.profootballarchives.com/players/o/oliv00140.html
Bill,Oliver Alabama,2,1926,1927,24,https://www.profootballarchives.com/players/o/oliv00400.html
Bob,Oliver Abilene Christian,1,1969,1969,8,https://www.profootballarchives.com/players/o/oliv00600.html
Branden,Oliver Buffalo,3,2014,2017,30,https://www.profootballarchives.com/players/o/oliv00680.html
Bryce,Oliver Kentucky; Youngstown State,1,2024,2024,10,https://www.profootballarchives.com/players/o/oliv00710.html
Chip,Oliver San Diego CC; Southern California,2,1968,1969,27,https://www.profootballarchives.com/players/o/oliv00800.html
Clancy,Oliver Orange Coast JC; San Diego State,3,1969,1973,25,https://www.profootballarchives.com/players/o/oliv01000.html
Darryl,Oliver Miami (Florida),1,1987,1987,2,https://www.profootballarchives.com/players/o/oliv01200.html
Ed,Oliver Houston,6,2019,2024,92,https://www.profootballarchives.com/players/o/oliv01280.html
Frank,Oliver Kentucky State,2,1975,1976,18,https://www.profootballarchives.com/players/o/oliv01400.html
Greg,Oliver Ranger JC; Trinity (Texas),2,1973,1974,25,https://www.profootballarchives.com/players/o/oliv01600.html
Hubie,Oliver Arizona,6,1981,1986,52,https://www.profootballarchives.com/players/o/oliv01800.html
Isaiah,Oliver Colorado,7,2018,2024,96,https://www.profootballarchives.com/players/o/oliv01900.html
Jack,Oliver Texas-El Paso; Memphis,1,1987,1987,3,https://www.profootballarchives.com/players/o/oliv02000.html
Jeff,Oliver Boston College,1,1989,1989,1,https://www.profootballarchives.com/players/o/oliv02050.html
Josh,Oliver San Jose State,5,2019,2024,68,https://www.profootballarchives.com/players/o/oliv02135.html
Louis,Oliver Florida,8,1989,1996,117,https://www.profootballarchives.com/players/o/oliv02150.html
Maurice,Oliver Southern Mississippi,1,1991,1991,3,https://www.profootballarchives.com/players/o/oliv02200.html
Melvin,Oliver Louisiana State,1,2006,2006,16,https://www.profootballarchives.com/players/o/oliv02220.html
Muhammad,Oliver Glendale CC; Oregon,5,1992,1995,21,https://www.profootballarchives.com/players/o/oliv02250.html
Paul,Oliver Georgia,4,2008,2011,57,https://www.profootballarchives.com/players/o/oliv02260.html
Vince,Oliver Indiana,1,1945,1945,3,https://www.profootballarchives.com/players/o/oliv02800.html
Winslow,Oliver New Mexico,5,1996,2000,64,https://www.profootballarchives.com/players/o/oliv03000.html
Brock,Olivo Missouri,4,1998,2001,44,https://www.profootballarchives.com/players/o/oliv03100.html
Neal,Olkewicz Maryland,11,1979,1989,150,https://www.profootballarchives.com/players/o/olke00200.html
Qadree,Ollison Pittsburgh,5,2019,2023,24,https://www.profootballarchives.com/players/o/olli00200.html
Larry,Olmsted Purdue,2,1922,1923,6,https://www.profootballarchives.com/players/o/olms00200.html
Sewo,Olonilua Texas Christian,1,2020,2020,2,https://www.profootballarchives.com/players/o/olon00200.html
Jerry,Olsavsky Pittsburgh,10,1989,1998,117,https://www.profootballarchives.com/players/o/olsa00200.html
Eric,Olsen Notre Dame,4,2010,2014,23,https://www.profootballarchives.com/players/o/olse00110.html
Greg,Olsen Miami (Florida),14,2007,2020,198,https://www.profootballarchives.com/players/o/olse00120.html
Hans,Olsen Brigham Young,1,2001,2001,2,https://www.profootballarchives.com/players/o/olse00130.html
Merlin,Olsen Utah State,15,1962,1976,208,https://www.profootballarchives.com/players/o/olse00200.html
Norm,Olsen Alabama,2,1944,1945,11,https://www.profootballarchives.com/players/o/olse00400.html
Orrin,Olsen Brigham Young,1,1976,1976,14,https://www.profootballarchives.com/players/o/olse00600.html
Phil,Olsen Utah State,6,1971,1976,79,https://www.profootballarchives.com/players/o/olse00800.html
Ralph,Olsen Utah,1,1949,1949,6,https://www.profootballarchives.com/players/o/olse01000.html
Seth,Olsen Iowa,3,2009,2012,14,https://www.profootballarchives.com/players/o/olse01600.html
Igor,Olshansky Oregon,8,2004,2011,115,https://www.profootballarchives.com/players/o/olsh00200.html
Benji,Olson Washington,10,1998,2007,152,https://www.profootballarchives.com/players/o/olso00100.html
Carl,Olson UCLA,1,1942,1942,2,https://www.profootballarchives.com/players/o/olso00200.html
Erik,Olson Colorado State,1,2000,2000,14,https://www.profootballarchives.com/players/o/olso00500.html
Forrest,Olson Iowa,1,1927,1927,3,https://www.profootballarchives.com/players/o/olso00600.html
Glenn,Olson Iowa,1,1940,1940,1,https://www.profootballarchives.com/players/o/olso00800.html
Harold,Olson Clemson,5,1960,1964,70,https://www.profootballarchives.com/players/o/olso01000.html
Swede,Olson,1,1926,1926,2,https://www.profootballarchives.com/players/o/olso01400.html
Larry,Olsonoski Minnesota,3,1948,1949,22,https://www.profootballarchives.com/players/o/olso01600.html
Lance,Olssen Purdue,2,1968,1969,9,https://www.profootballarchives.com/players/o/olss00200.html
Les,Olsson Mercer,5,1934,1938,57,https://www.profootballarchives.com/players/o/olss00400.html
Al,Olszewski Pittsburgh; Penn State,1,1945,1945,1,https://www.profootballarchives.com/players/o/olsz00200.html
Gunner,Olszewski Bemidji State,6,2019,2023,65,https://www.profootballarchives.com/players/o/olsz00290.html
Johnny,Olszewski California,10,1953,1962,116,https://www.profootballarchives.com/players/o/olsz00400.html
Russ,Oltz Illinois,5,1920,1925,24,https://www.profootballarchives.com/players/o/oltz00200.html
Segun,Olubi College of Idaho; Saddleback JC; Harding; San Diego State,3,2022,2024,34,https://www.profootballarchives.com/players/o/olub00200.html
Donovan,Olumba Alderson-Broaddus; Portland State,1,2019,2019,1,https://www.profootballarchives.com/players/o/olum00200.html
Foye,Oluokun Yale,7,2018,2024,111,https://www.profootballarchives.com/players/o/oluo00200.html
Olu,Oluwatimi Air Force; Virginia; Michigan,2,2023,2024,28,https://www.profootballarchives.com/players/o/oluw00200.html
Jim,O'Mahoney Miami (Florida),2,1965,1966,26,https://www.profootballarchives.com/players/o/omah00200.html
Jim,O'Malley Notre Dame,3,1973,1975,40,https://www.profootballarchives.com/players/o/omal00200.html
Joe,O'Malley Georgia,2,1955,1956,22,https://www.profootballarchives.com/players/o/omal00400.html
Ryan,O'Malley Pennsylvania,2,2016,2017,2,https://www.profootballarchives.com/players/o/omal00500.html
Tom,O'Malley Cincinnati,1,1950,1950,1,https://www.profootballarchives.com/players/o/omal00600.html
Patrick,Omameh Michigan,10,2014,2021,89,https://www.profootballarchives.com/players/o/omam00200.html
Charles,Omenihu Texas,7,2019,2024,78,https://www.profootballarchives.com/players/o/omen00100.html
Omensky,,1,1926,1926,1,https://www.profootballarchives.com/players/o/omen00200.html
Frank,Omiyale Tennessee Tech,6,2006,2012,75,https://www.profootballarchives.com/players/o/omiy00200.html
Xavier,Omon Northwest Missouri State,2,2008,2009,7,https://www.profootballarchives.com/players/o/omon00200.html
Kenny,Onatolu Nebraska-Omaha,4,2009,2012,52,https://www.profootballarchives.com/players/o/onat00200.html
Andre,O'Neal Marshall,4,2000,2001,19,https://www.profootballarchives.com/players/o/onea00020.html
Brian,O'Neal Penn State,2,1994,1995,17,https://www.profootballarchives.com/players/o/onea00100.html
Calvin,O'Neal Michigan,1,1978,1978,15,https://www.profootballarchives.com/players/o/onea00200.html
Deltha,O'Neal California,9,2000,2008,132,https://www.profootballarchives.com/players/o/onea00250.html
Jim,O'Neal Texas Christian,2,1946,1947,24,https://www.profootballarchives.com/players/o/onea00400.html
Ken,O'Neal Chabot JC; Idaho State,1,1987,1987,2,https://www.profootballarchives.com/players/o/onea00600.html
Leslie,O'Neal Oklahoma State,13,1986,1999,196,https://www.profootballarchives.com/players/o/onea00800.html
Oren,O'Neal Arkansas State,2,2007,2009,18,https://www.profootballarchives.com/players/o/onea00870.html
Raiqwon,O'Neal Rutgers; UCLA,1,2023,2023,3,https://www.profootballarchives.com/players/o/onea00890.html
Robert,O'Neal Clemson,1,1994,1994,2,https://www.profootballarchives.com/players/o/onea00900.html
Steve,O'Neal Texas A&M,5,1969,1973,70,https://www.profootballarchives.com/players/o/onea01200.html
Bob,O'Neil Duquesne; Notre Dame,3,1956,1961,38,https://www.profootballarchives.com/players/o/onei00200.html
Chuck,O'Neil Phillips,4,1921,1923,9,https://www.profootballarchives.com/players/o/onei00400.html
Ed,O'Neil Penn State,7,1974,1980,100,https://www.profootballarchives.com/players/o/onei00600.html
Keith,O'Neil Northern Arizona,4,2003,2006,52,https://www.profootballarchives.com/players/o/onei00710.html
Bill,O'Neill Detroit Mercy,2,1935,1937,2,https://www.profootballarchives.com/players/o/onei00900.html
Brian,O'Neill Pittsburgh,7,2018,2024,110,https://www.profootballarchives.com/players/o/onei00951.html
Kevin,O'Neill Bowling Green State,3,1998,2000,26,https://www.profootballarchives.com/players/o/onei01070.html
Pat,O'Neill Syracuse,3,1994,1995,25,https://www.profootballarchives.com/players/o/onei01100.html
Red,O'Neill Connecticut,1,1926,1926,9,https://www.profootballarchives.com/players/o/onei01200.html
Tip,O'Neill St. Norbert; Detroit Mercy,1,1922,1922,4,https://www.profootballarchives.com/players/o/onei01300.html
Wally,O'Neill Wisconsin-Superior,1,1925,1925,3,https://www.profootballarchives.com/players/o/onei01400.html
Larry,Onesti Northwestern,4,1962,1965,38,https://www.profootballarchives.com/players/o/ones00200.html
Dennis,Onkotz Penn State,1,1970,1970,9,https://www.profootballarchives.com/players/o/onko00200.html
Fendi,Onobun Arizona; Houston,2,2010,2011,4,https://www.profootballarchives.com/players/o/onob00200.html
Bob,Ontko Penn State,1,1987,1987,3,https://www.profootballarchives.com/players/o/ontk00200.html
Joshua,Onujiogu Framingham State,1,2022,2022,1,https://www.profootballarchives.com/players/o/onuj00200.html
Mike,Onwenu Michigan,5,2020,2024,81,https://www.profootballarchives.com/players/o/onwe00200.html
James,Onwualu Notre Dame,3,2017,2020,16,https://www.profootballarchives.com/players/o/onwu00100.html
Patrick,Onwuasor Arizona; Portland State,6,2016,2021,64,https://www.profootballarchives.com/players/o/onwu00200.html
Levi,Onwuzurike Washington,3,2021,2024,42,https://www.profootballarchives.com/players/o/onwu00400.html
David,Onyemata Manitoba,9,2016,2024,137,https://www.profootballarchives.com/players/o/onye00100.html
Ed,Opalewski Eastern Michigan,2,1943,1944,12,https://www.profootballarchives.com/players/o/opal00200.html
Sua,Opeta Weber State,4,2020,2023,39,https://www.profootballarchives.com/players/o/opet00200.html
Dave,Opfar Penn State,1,1987,1987,3,https://www.profootballarchives.com/players/o/opfa00200.html
Jim,Opperman Colorado State,1,1975,1975,10,https://www.profootballarchives.com/players/o/oppe00200.html
Toben,Opurum Kansas,1,2015,2015,2,https://www.profootballarchives.com/players/o/opur00200.html
Red,O'Quinn Wake Forest,3,1950,1951,17,https://www.profootballarchives.com/players/o/oqui00600.html
Brian,Orakpo Texas,10,2009,2018,132,https://www.profootballarchives.com/players/o/orak00200.html
Anthony,Orange Fresno State,4,2010,2013,43,https://www.profootballarchives.com/players/o/oran00050.html
Nate,Orchard Utah,8,2015,2021,48,https://www.profootballarchives.com/players/o/orch00200.html
Joe,Orduna Nebraska,3,1972,1974,39,https://www.profootballarchives.com/players/o/ordu00200.html
O'Reilly,none,1,1924,1924,1,https://www.profootballarchives.com/players/o/orei00100.html
Ruke,Orhorhoro Clemson,1,2024,2024,8,https://www.profootballarchives.com/players/o/orho00200.html
Frank,Ori Garden City CC; Northern Iowa,1,1987,1987,3,https://www.profootballarchives.com/players/o/ori000200.html
Mike,Oriard Notre Dame,4,1970,1973,42,https://www.profootballarchives.com/players/o/oria00200.html
Bob,Oristaglio Pennsylvania,4,1949,1952,40,https://www.profootballarchives.com/players/o/oris00200.html
Anfernee,Orji Vanderbilt,1,2024,2024,16,https://www.profootballarchives.com/players/o/orji00200.html
Bo,Orlando West Virginia,9,1990,1998,129,https://www.profootballarchives.com/players/o/orla00200.html
Dan,Orlich Northwestern; Penn State; Nevada-Reno,3,1949,1951,36,https://www.profootballarchives.com/players/o/orli00200.html
Dan,Orlovsky Connecticut,7,2005,2015,26,https://www.profootballarchives.com/players/o/orlo00200.html
Elliott,Ormsbee Bradley,1,1946,1946,4,https://www.profootballarchives.com/players/o/orms00200.html
Fred,Orns Chapman,1,1987,1987,2,https://www.profootballarchives.com/players/o/orns00200.html
Tom,Orosz Ohio State,4,1981,1984,43,https://www.profootballarchives.com/players/o/oros00200.html
Charlie,O'Rourke Boston College,5,1942,1949,58,https://www.profootballarchives.com/players/o/orou00200.html
Chris,Orr Wisconsin,1,2020,2020,3,https://www.profootballarchives.com/players/o/orr000040.html
Jimmy,Orr Clemson; Georgia,13,1958,1970,149,https://www.profootballarchives.com/players/o/orr000200.html
Kareem,Orr Arizona State; Tennessee-Chattanooga,3,2019,2021,9,https://www.profootballarchives.com/players/o/orr000240.html
Leon,Orr Florida,2,2015,2016,8,https://www.profootballarchives.com/players/o/orr000250.html
Raheem,Orr Rutgers,1,2004,2004,2,https://www.profootballarchives.com/players/o/orr000320.html
Shantee,Orr Michigan,7,2003,2008,65,https://www.profootballarchives.com/players/o/orr000330.html
Terry,Orr Texas,9,1986,1993,105,https://www.profootballarchives.com/players/o/orr000400.html
Zach,Orr North Texas,3,2014,2016,47,https://www.profootballarchives.com/players/o/orr000800.html
Buck,Ortega Miami (Florida),2,2008,2009,12,https://www.profootballarchives.com/players/o/orte00100.html
Ralph,Ortega Florida,6,1975,1980,81,https://www.profootballarchives.com/players/o/orte00200.html
Keith,Ortego McNeese State,3,1985,1987,31,https://www.profootballarchives.com/players/o/orte00400.html
Henry,Orth Miami (Ohio),1,1921,1921,1,https://www.profootballarchives.com/players/o/orth00200.html
Ricky,Ortiz Oregon State,2,2018,2019,13,https://www.profootballarchives.com/players/o/orti00290.html
Chuck,Ortmann Michigan,2,1951,1952,15,https://www.profootballarchives.com/players/o/ortm00200.html
Greg,Orton Nebraska,1,1987,1987,3,https://www.profootballarchives.com/players/o/orto00200.html
Kyle,Orton Purdue,10,2005,2014,87,https://www.profootballarchives.com/players/o/orto00600.html
Amani,Oruwariye Penn State,5,2019,2024,57,https://www.profootballarchives.com/players/o/oruw00200.html
Herb,Orvis Colorado,10,1972,1981,122,https://www.profootballarchives.com/players/o/orvi00200.html
Ossie,Orwoll Luther,1,1926,1926,2,https://www.profootballarchives.com/players/o/orwo00200.html
Matt,Orzech Azusa Pacific,5,2019,2024,84,https://www.profootballarchives.com/players/o/orze00200.html
Dave,Osborn North Dakota,12,1965,1976,143,https://www.profootballarchives.com/players/o/osbo00200.html
Duke,Osborn Penn State,8,1921,1928,81,https://www.profootballarchives.com/players/o/osbo00400.html
K.J.,Osborn Buffalo; Miami (Florida),6,2020,2024,66,https://www.profootballarchives.com/players/o/osbo00550.html
Mike,Osborn Kansas State,1,1978,1978,16,https://www.profootballarchives.com/players/o/osbo00600.html
Chuck,Osborne Arizona,3,1996,1999,37,https://www.profootballarchives.com/players/o/osbo00700.html
Clancy,Osborne Arizona State,6,1959,1964,74,https://www.profootballarchives.com/players/o/osbo00800.html
Eldonta,Osborne Louisiana Tech,1,1990,1990,12,https://www.profootballarchives.com/players/o/osbo00900.html
Jim,Osborne Southern University,13,1972,1984,186,https://www.profootballarchives.com/players/o/osbo01000.html
Richard,Osborne Texas A&M,5,1976,1979,50,https://www.profootballarchives.com/players/o/osbo01600.html
Tom,Osborne Hastings,2,1960,1961,24,https://www.profootballarchives.com/players/o/osbo02000.html
Vince,Osby Pasadena CC; Illinois,2,1984,1985,23,https://www.profootballarchives.com/players/o/osby00200.html
Kelechi,Osemele Iowa State,9,2012,2020,101,https://www.profootballarchives.com/players/o/osem00100.html
Kassim,Osgood Cal Poly (San Luis Obispo); San Diego State,12,2003,2014,179,https://www.profootballarchives.com/players/o/osgo00100.html
James,O'Shaughnessy Illinois State,7,2015,2021,80,https://www.profootballarchives.com/players/o/osha00400.html
Terry,O'Shea California (Pennsylvania),2,1989,1990,32,https://www.profootballarchives.com/players/o/oshe00200.html
Baba,Oshinowo Stanford,2,2006,2007,2,https://www.profootballarchives.com/players/o/oshi00200.html
Willie,Oshodin Villanova,3,1993,1995,30,https://www.profootballarchives.com/players/o/osho00200.html
Sandy,Osiecki Arizona State,1,1984,1984,4,https://www.profootballarchives.com/players/o/osie00200.html
Craig,Osika Indiana,1,2003,2003,1,https://www.profootballarchives.com/players/o/osik00200.html
Willie,Osley Illinois,2,1974,1974,13,https://www.profootballarchives.com/players/o/osle00200.html
Bill,Osmanski Holy Cross,7,1939,1947,49,https://www.profootballarchives.com/players/o/osma00200.html
Joe,Osmanski Holy Cross,5,1946,1949,44,https://www.profootballarchives.com/players/o/osma00400.html
Joseph,Ossai Texas,3,2022,2024,48,https://www.profootballarchives.com/players/o/ossa00300.html
Ted,Ossowski Oregon State; Southern California; Oregon State,1,1947,1947,3,https://www.profootballarchives.com/players/o/osso00400.html
Dwayne,O'Steen California; San Jose State,8,1978,1984,77,https://www.profootballarchives.com/players/o/oste00200.html
Jim,Ostendarp Drexel; Bucknell,2,1950,1951,14,https://www.profootballarchives.com/players/o/oste00400.html
Joe,Ostman Central Michigan,1,2020,2020,3,https://www.profootballarchives.com/players/o/ostm00200.html
Jerry,Ostroski Tulsa,8,1994,2001,106,https://www.profootballarchives.com/players/o/ostr00100.html
Chet,Ostrowski Notre Dame,6,1954,1959,68,https://www.profootballarchives.com/players/o/ostr00200.html
Phil,Ostrowski Penn State,2,1999,2000,28,https://www.profootballarchives.com/players/o/ostr00400.html
Dennis,O'Sullivan Tulane,1,2002,2002,3,https://www.profootballarchives.com/players/o/osul00200.html
J.T.,O'Sullivan UC Davis,4,2004,2009,17,https://www.profootballarchives.com/players/o/osul00300.html
Paul,Oswald Kansas,3,1987,1988,6,https://www.profootballarchives.com/players/o/oswa00200.html
Brock,Osweiler Arizona State,7,2012,2018,49,https://www.profootballarchives.com/players/o/oswe00200.html
Jeff,Otah Valley Forge Military Academy JC; Pittsburgh,3,2008,2011,29,https://www.profootballarchives.com/players/o/otah00200.html
Jim,Otis Ohio State,9,1970,1978,116,https://www.profootballarchives.com/players/o/otis00200.html
Esezi,Otomewo Minnesota,2,2022,2024,9,https://www.profootballarchives.com/players/o/otom00200.html
Bill,O'Toole none,1,1924,1924,1,https://www.profootballarchives.com/players/o/otoo00200.html
Tyler,Ott Harvard,9,2015,2024,119,https://www.profootballarchives.com/players/o/ott000400.html
Lowell,Otte Iowa,2,1926,1927,14,https://www.profootballarchives.com/players/o/otte00200.html
Dick,Ottele Washington,1,1948,1948,9,https://www.profootballarchives.com/players/o/otte00400.html
John,Otterbacher Ohio State,1,1926,1926,2,https://www.profootballarchives.com/players/o/otte00600.html
Brad,Ottis Wayne State (Nebraska),6,1994,2000,81,https://www.profootballarchives.com/players/o/otti00200.html
Al,Otto none,2,1922,1923,7,https://www.profootballarchives.com/players/o/otto00200.html
Bob,Otto Idaho State,2,1986,1987,7,https://www.profootballarchives.com/players/o/otto00400.html
Gus,Otto Missouri,8,1965,1972,102,https://www.profootballarchives.com/players/o/otto00600.html
Jim,Otto Miami (Florida),15,1960,1974,210,https://www.profootballarchives.com/players/o/otto00800.html
Mike,Otto Purdue,6,2008,2013,62,https://www.profootballarchives.com/players/o/otto00870.html
Cade,Otton Washington,3,2022,2024,47,https://www.profootballarchives.com/players/o/otto01160.html
Louis,Oubre Oklahoma,4,1982,1987,40,https://www.profootballarchives.com/players/o/oubr00200.html
Greg,Ours Muskingum,1,1987,1987,3,https://www.profootballarchives.com/players/o/ours00200.html
Wes,Ours West Virginia,1,2001,2001,3,https://www.profootballarchives.com/players/o/ours00400.html
Johnny,Outlaw Jackson State,10,1969,1978,109,https://www.profootballarchives.com/players/o/outl00200.html
Jeff,Overbaugh San Diego State,2,2017,2018,2,https://www.profootballarchives.com/players/o/over00002.html
Chad,Overhauser UCLA,1,2002,2002,3,https://www.profootballarchives.com/players/o/over00100.html
Bill,Overmyer Ashland,1,1972,1972,6,https://www.profootballarchives.com/players/o/over00400.html
DeMarvion,Overshown Texas,1,2024,2024,13,https://www.profootballarchives.com/players/o/over00550.html
David,Overstreet Oklahoma,1,1983,1983,14,https://www.profootballarchives.com/players/o/over00600.html
Will,Overstreet Tennessee,2,2002,2003,6,https://www.profootballarchives.com/players/o/over00670.html
Don,Overton Fairmont State,3,1990,1992,22,https://www.profootballarchives.com/players/o/over00800.html
Jerry,Overton Utah,1,1963,1963,10,https://www.profootballarchives.com/players/o/over01000.html
Matt,Overton Diablo Valley JC; Western Washington,11,2012,2024,142,https://www.profootballarchives.com/players/o/over01200.html
Jayson,Oweh Penn State,4,2021,2024,62,https://www.profootballarchives.com/players/o/oweh00200.html
Al,Owen St. Lawrence; Mercer,3,1939,1942,17,https://www.profootballarchives.com/players/o/owen00200.html
Bill,Owen Oklahoma State; Phillips,11,1926,1936,138,https://www.profootballarchives.com/players/o/owen00400.html
Steve,Owen Phillips,10,1924,1933,95,https://www.profootballarchives.com/players/o/owen00600.html
Tom,Owen Wichita State,6,1974,1981,26,https://www.profootballarchives.com/players/o/owen00800.html
Artie,Owens West Virginia,6,1976,1980,64,https://www.profootballarchives.com/players/o/owen01000.html
Billy,Owens Pittsburgh,1,1988,1988,16,https://www.profootballarchives.com/players/o/owen01200.html
Brick,Owens Nebraska; Lawrence,1,1922,1922,3,https://www.profootballarchives.com/players/o/owen01300.html
Brig,Owens Fullerton JC; Cincinnati,12,1966,1977,158,https://www.profootballarchives.com/players/o/owen01400.html
Burgess,Owens Miami (Florida),10,1973,1982,137,https://www.profootballarchives.com/players/o/owen01600.html
Chad,Owens Hawaii,3,2005,2007,6,https://www.profootballarchives.com/players/o/owen01640.html
Chris,Owens San Jose State,8,2009,2015,87,https://www.profootballarchives.com/players/o/owen01660.html
Dan,Owens Southern California,10,1990,1999,145,https://www.profootballarchives.com/players/o/owen01700.html
Darrick,Owens Northeastern Oklahoma A&M JC; Mississippi,1,1992,1992,3,https://www.profootballarchives.com/players/o/owen01750.html
Dennis,Owens North Carolina State,5,1982,1986,71,https://www.profootballarchives.com/players/o/owen01800.html
Don,Owens Southern Mississippi,8,1957,1963,87,https://www.profootballarchives.com/players/o/owen02000.html
Gervarrius,Owens Northeastern Oklahoma A&M JC; Houston,2,2023,2024,5,https://www.profootballarchives.com/players/o/owen02053.html
Ike,Owens Illinois,1,1948,1948,9,https://www.profootballarchives.com/players/o/owen02200.html
James,Owens UCLA,6,1979,1984,70,https://www.profootballarchives.com/players/o/owen02400.html
Jeff,Owens Georgia,1,2010,2010,1,https://www.profootballarchives.com/players/o/owen02500.html
Jim,Owens Oklahoma,1,1950,1950,8,https://www.profootballarchives.com/players/o/owen02600.html
Joe,Owens Alcorn State,7,1970,1976,87,https://www.profootballarchives.com/players/o/owen02800.html
John,Owens Notre Dame,8,2002,2009,76,https://www.profootballarchives.com/players/o/owen02870.html
Jonathan,Owens Missouri Western State,6,2019,2024,65,https://www.profootballarchives.com/players/o/owen02910.html
Luke,Owens Kent State,9,1957,1965,115,https://www.profootballarchives.com/players/o/owen03000.html
Marv,Owens San Diego State,2,1973,1974,10,https://www.profootballarchives.com/players/o/owen03200.html
Mel,Owens Michigan,9,1981,1989,122,https://www.profootballarchives.com/players/o/owen03400.html
Montell,Owens Maine,10,2006,2014,111,https://www.profootballarchives.com/players/o/owen03550.html
Morris,Owens Arizona State,6,1975,1979,62,https://www.profootballarchives.com/players/o/owen03600.html
Pete,Owens Texas Tech,1,1943,1943,5,https://www.profootballarchives.com/players/o/owen03800.html
R.C.,Owens College of Idaho,8,1957,1964,90,https://www.profootballarchives.com/players/o/owen04000.html
Rich,Owens Lehigh,8,1995,2002,97,https://www.profootballarchives.com/players/o/owen04200.html
Richard,Owens Louisville,4,2004,2007,53,https://www.profootballarchives.com/players/o/owen04220.html
Steve,Owens Oklahoma,5,1970,1974,53,https://www.profootballarchives.com/players/o/owen04400.html
Terrell,Owens Tennessee-Chattanooga,15,1996,2010,219,https://www.profootballarchives.com/players/o/owen04500.html
Terry,Owens Alabama; Jacksonville State,10,1966,1975,132,https://www.profootballarchives.com/players/o/owen04600.html
Tinker,Owens Oklahoma,4,1976,1980,48,https://www.profootballarchives.com/players/o/owen04800.html
Tyler,Owens Texas; Texas Tech,1,2024,2024,12,https://www.profootballarchives.com/players/o/owen05100.html
Chris,Owusu Stanford,5,2012,2015,25,https://www.profootballarchives.com/players/o/owus00100.html
Akwasi,Owusu-Ansah Indiana (Pennsylvania),4,2010,2013,15,https://www.profootballarchives.com/players/o/owus00200.html
Jeremiah,Owusu-Koramoah Notre Dame,4,2021,2024,49,https://www.profootballarchives.com/players/o/owus00400.html
Ken,Oxendine Virginia Tech,2,1998,1999,21,https://www.profootballarchives.com/players/o/oxen00400.html
Mike,Ozdowski Virginia,4,1978,1981,54,https://www.profootballarchives.com/players/o/ozdo00200.html
Devine,Ozigbo Nebraska,6,2019,2023,28,https://www.profootballarchives.com/players/o/ozig00200.html
Cheta,Ozougwu Rice,2,2012,2013,9,https://www.profootballarchives.com/players/o/ozou00200.html
