Name,College,Years_Played,First_Season,Last_Season,Games_Played,Games_Started,Link
Daniel,Faalele Minnesota,3,2022,2024,49,https://www.profootballarchives.com/players/f/faal00400.html
Nuu,Faaola Hawaii,5,1986,1989,52,https://www.profootballarchives.com/players/f/faao00200.html
Anthony,Fabiano Harvard,2,2016,2017,9,https://www.profootballarchives.com/players/f/fabi01220.html
Jason,Fabini Cincinnati,11,1998,2008,152,https://www.profootballarchives.com/players/f/fabi01300.html
Tayo,Fabuluje Brigham Young; Texas Christian,1,2015,2015,4,https://www.profootballarchives.com/players/f/fabu00200.html
Kyler,Fackrell Utah State,6,2016,2021,85,https://www.profootballarchives.com/players/f/fack00180.html
Brandon,Facyson Virginia Tech,6,2018,2023,75,https://www.profootballarchives.com/players/f/facy00100.html
Rob,Fada Pittsburgh,3,1983,1985,24,https://www.profootballarchives.com/players/f/fada00200.html
Julian,Fagan Mississippi,4,1970,1973,56,https://www.profootballarchives.com/players/f/faga00200.html
Kevin,Fagan Miami (Florida),7,1987,1993,83,https://www.profootballarchives.com/players/f/faga00400.html
DeMarcus,Faggins Navarro JC; Kansas State,8,2002,2009,84,https://www.profootballarchives.com/players/f/fagg00600.html
Carl,Fagioli none,1,1944,1944,1,https://www.profootballarchives.com/players/f/fagi00200.html
John,Fahay St. Thomas; Marquette,4,1925,1929,8,https://www.profootballarchives.com/players/f/faha00200.html
Jim,Fahnhorst Minnesota,7,1984,1990,82,https://www.profootballarchives.com/players/f/fahn00200.html
Keith,Fahnhorst Minnesota,14,1974,1987,193,https://www.profootballarchives.com/players/f/fahn00400.html
Fred,Failing Central Michigan,1,1930,1930,1,https://www.profootballarchives.com/players/f/fail00200.html
Richard,Fain Florida,3,1991,1992,24,https://www.profootballarchives.com/players/f/fain00200.html
Jeff,Faine Notre Dame,10,2003,2012,125,https://www.profootballarchives.com/players/f/fain00400.html
Carl,Fair East Mississippi CC; Alabama-Birmingham,1,2001,2001,3,https://www.profootballarchives.com/players/f/fair00010.html
Terry,Fair Tennessee,6,1998,2005,60,https://www.profootballarchives.com/players/f/fair00150.html
Ka'imi,Fairbairn UCLA,8,2017,2024,123,https://www.profootballarchives.com/players/f/fair00170.html
Bill,Fairband Colorado,2,1967,1968,9,https://www.profootballarchives.com/players/f/fair00200.html
Don,Fairbanks Colorado,1,1987,1987,3,https://www.profootballarchives.com/players/f/fair00400.html
Greg,Fairchild Tulsa,3,1976,1978,27,https://www.profootballarchives.com/players/f/fair00600.html
Paul,Fairchild Ellsworth CC; Kansas,7,1984,1990,83,https://www.profootballarchives.com/players/f/fair00800.html
Art,Faircloth North Carolina State; Guilford,2,1947,1948,7,https://www.profootballarchives.com/players/f/fair01000.html
Leonard,Fairley Alcorn State,1,1974,1974,2,https://www.profootballarchives.com/players/f/fair01200.html
Nick,Fairley Copiah-Lincoln CC; Auburn,6,2011,2016,77,https://www.profootballarchives.com/players/f/fair01230.html
Eric,Fairs Memphis,7,1986,1992,90,https://www.profootballarchives.com/players/f/fair01400.html
Derrick,Faison Howard,1,1990,1990,15,https://www.profootballarchives.com/players/f/fais00200.html
Earl,Faison Indiana,7,1961,1966,73,https://www.profootballarchives.com/players/f/fais00400.html
Nello,Falaschi Santa Clara,4,1938,1941,42,https://www.profootballarchives.com/players/f/fala00200.html
Dick,Falcon none,1,1920,1920,2,https://www.profootballarchives.com/players/f/falc00200.html
Guil,Falcon none,10,1920,1925,40,https://www.profootballarchives.com/players/f/falc00400.html
Terry,Falcon Minot State; Montana,3,1978,1980,31,https://www.profootballarchives.com/players/f/falc00600.html
David,Fales Nevada-Reno; Monterey Peninsula JC; San Jose State,3,2016,2019,5,https://www.profootballarchives.com/players/f/fale00300.html
Luke,Falk Washington State,1,2019,2019,3,https://www.profootballarchives.com/players/f/falk00050.html
Tony,Falkenstein St. Mary's (California),3,1943,1944,18,https://www.profootballarchives.com/players/f/falk00200.html
Tommy,Fallon Fordham,1,1922,1922,8,https://www.profootballarchives.com/players/f/fall00200.html
Mike,Falls Minnesota,2,1960,1961,25,https://www.profootballarchives.com/players/f/fall00400.html
Gary,Famiglietti Boston University,9,1938,1946,86,https://www.profootballarchives.com/players/f/fami00200.html
Paul,Fanaika Arizona State,3,2011,2014,33,https://www.profootballarchives.com/players/f/fana00200.html
Alan,Faneca Louisiana State,13,1998,2010,206,https://www.profootballarchives.com/players/f/fane00200.html
Jonathan,Fanene Canyons JC; Utah,7,2005,2011,70,https://www.profootballarchives.com/players/f/fane00400.html
Hebron,Fangupo Mount San Antonio JC; Southern California; Brigham Young,2,2012,2013,5,https://www.profootballarchives.com/players/f/fang00400.html
Chad,Fann Mississippi; Florida A&M,6,1993,1999,72,https://www.profootballarchives.com/players/f/fann00200.html
Mike,Fanning Notre Dame,10,1975,1984,137,https://www.profootballarchives.com/players/f/fann00400.html
Stan,Fanning Idaho,6,1960,1964,52,https://www.profootballarchives.com/players/f/fann00600.html
George,Fant Western Kentucky,8,2016,2024,101,https://www.profootballarchives.com/players/f/fant00100.html
Noah,Fant Iowa,6,2019,2024,95,https://www.profootballarchives.com/players/f/fant00130.html
Princeton,Fant Tennessee,2,2023,2024,9,https://www.profootballarchives.com/players/f/fant00145.html
Ken,Fantetti Wyoming,7,1979,1985,95,https://www.profootballarchives.com/players/f/fant00200.html
Ledio,Fanucchi Fresno CC; Fresno State,1,1954,1954,12,https://www.profootballarchives.com/players/f/fanu00200.html
Mike,Fanucci Arizona State,3,1972,1974,40,https://www.profootballarchives.com/players/f/fanu00400.html
Austin,Faoliu Oregon,2,2021,2023,3,https://www.profootballarchives.com/players/f/faol00200.html
Chris,Farasopoulos Brigham Young,4,1971,1974,42,https://www.profootballarchives.com/players/f/fara00200.html
Hap,Farber Mississippi,2,1970,1970,8,https://www.profootballarchives.com/players/f/farb00200.html
Justin,Fargas Michigan; Southern California,7,2003,2009,92,https://www.profootballarchives.com/players/f/farg00200.html
Ralph,Farina Villanova,1,1927,1927,1,https://www.profootballarchives.com/players/f/fari00200.html
Andy,Farkas Detroit Mercy,8,1938,1945,71,https://www.profootballarchives.com/players/f/fark00200.html
Caleb,Farley Virginia Tech,3,2021,2024,22,https://www.profootballarchives.com/players/f/farl00080.html
Dale,Farley West Virginia,3,1971,1973,13,https://www.profootballarchives.com/players/f/farl00100.html
Dick,Farley Boston University,2,1968,1969,24,https://www.profootballarchives.com/players/f/farl00200.html
John,Farley Sacramento State,1,1984,1984,13,https://www.profootballarchives.com/players/f/farl00400.html
Matthias,Farley Notre Dame,8,2016,2023,105,https://www.profootballarchives.com/players/f/farl00500.html
Dick,Farman Washington State,5,1939,1943,49,https://www.profootballarchives.com/players/f/farm00200.html
Andrew,Farmer Lane,1,2023,2023,8,https://www.profootballarchives.com/players/f/farm00230.html
Danny,Farmer UCLA,3,2000,2002,33,https://www.profootballarchives.com/players/f/farm00350.html
Dave,Farmer Southern California,1,1978,1978,3,https://www.profootballarchives.com/players/f/farm00400.html
George,Farmer UCLA,7,1970,1975,70,https://www.profootballarchives.com/players/f/farm00600.html
George,Farmer Santa Monica JC; Southern University,4,1982,1987,39,https://www.profootballarchives.com/players/f/farm00800.html
George,Farmer Southern California,1,2016,2016,2,https://www.profootballarchives.com/players/f/farm00801.html
Karl,Farmer Los Angeles Southwest JC; Pittsburgh,3,1976,1978,17,https://www.profootballarchives.com/players/f/farm01000.html
Lonnie,Farmer Northwestern; Tennessee-Chattanooga,3,1964,1966,31,https://www.profootballarchives.com/players/f/farm01400.html
Ray,Farmer Duke,3,1996,1998,32,https://www.profootballarchives.com/players/f/farm01500.html
Robert,Farmer Notre Dame,1,1999,1999,13,https://www.profootballarchives.com/players/f/farm01570.html
Roger,Farmer Eastern Arizona JC; Baker,1,1979,1979,4,https://www.profootballarchives.com/players/f/farm01600.html
Teddy,Farmer Mount San Antonio JC; Oregon,1,1978,1978,2,https://www.profootballarchives.com/players/f/farm01800.html
Tom,Farmer Iowa,3,1946,1948,30,https://www.profootballarchives.com/players/f/farm02000.html
Matt,Farniok Nebraska,2,2021,2022,20,https://www.profootballarchives.com/players/f/farn00490.html
John,Farquhar Duke,4,1996,1998,21,https://www.profootballarchives.com/players/f/farq00200.html
D'Marco,Farr Washington,7,1994,2000,100,https://www.profootballarchives.com/players/f/farr00100.html
Mel,Farr UCLA,7,1967,1973,69,https://www.profootballarchives.com/players/f/farr00400.html
Mel,Farr UCLA,1,1989,1989,1,https://www.profootballarchives.com/players/f/farr00450.html
Mike,Farr UCLA,3,1990,1992,42,https://www.profootballarchives.com/players/f/farr00500.html
Miller,Farr Wichita State,10,1965,1973,113,https://www.profootballarchives.com/players/f/farr00600.html
Ken,Farragut Mississippi,4,1951,1954,44,https://www.profootballarchives.com/players/f/farr00800.html
Vince,Farrar North Carolina State,2,1938,1939,8,https://www.profootballarchives.com/players/f/farr01000.html
Dillon,Farrell New Mexico,1,2014,2014,8,https://www.profootballarchives.com/players/f/farr01170.html
Ed,Farrell Muhlenberg,3,1938,1939,15,https://www.profootballarchives.com/players/f/farr01200.html
Luke,Farrell Ohio State,4,2021,2024,68,https://www.profootballarchives.com/players/f/farr01355.html
Neil,Farrell Louisiana State,3,2022,2024,19,https://www.profootballarchives.com/players/f/farr01365.html
Sean,Farrell Penn State,11,1982,1992,123,https://www.profootballarchives.com/players/f/farr01400.html
Paul,Farren Boston University,9,1983,1991,132,https://www.profootballarchives.com/players/f/farr01600.html
Curt,Farrier Montana State,3,1963,1965,27,https://www.profootballarchives.com/players/f/farr01800.html
Bo,Farrington Prairie View A&M,4,1960,1963,50,https://www.profootballarchives.com/players/f/farr02000.html
James,Farrior Virginia,15,1997,2011,230,https://www.profootballarchives.com/players/f/farr02020.html
Jimmy,Farris Montana,4,2003,2007,36,https://www.profootballarchives.com/players/f/farr02250.html
John,Farris Cerritos JC; San Diego State,2,1965,1966,28,https://www.profootballarchives.com/players/f/farr02400.html
Kris,Farris UCLA,1,2001,2001,3,https://www.profootballarchives.com/players/f/farr02420.html
Rojesterman,Farris Hawaii,1,2021,2021,1,https://www.profootballarchives.com/players/f/farr02560.html
Tom,Farris Wisconsin,3,1946,1948,28,https://www.profootballarchives.com/players/f/farr02600.html
Kenneth,Farrow Houston,1,2016,2016,13,https://www.profootballarchives.com/players/f/farr04000.html
Heath,Farwell San Jose State; San Diego State,8,2005,2013,114,https://www.profootballarchives.com/players/f/farw00150.html
Brett,Faryniarz San Diego State,7,1988,1995,92,https://www.profootballarchives.com/players/f/fary00200.html
Randy,Fasani Stanford,1,2002,2002,4,https://www.profootballarchives.com/players/f/fasa00400.html
Anthony,Fasano Notre Dame,12,2006,2017,180,https://www.profootballarchives.com/players/f/fasa00600.html
Olu,Fashanu Penn State,1,2024,2024,15,https://www.profootballarchives.com/players/f/fash00100.html
Ciatrick,Fason Florida,2,2005,2006,18,https://www.profootballarchives.com/players/f/faso00200.html
Greg,Fassitt Grambling State,1,2009,2009,1,https://www.profootballarchives.com/players/f/fass00600.html
Mario,Fatafehi Snow JC; Kansas State,4,2001,2004,45,https://www.profootballarchives.com/players/f/fata00200.html
T.J.,Fatinikun Toledo,2,2014,2015,12,https://www.profootballarchives.com/players/f/fati00200.html
Foley,Fatukasi Connecticut,7,2018,2024,86,https://www.profootballarchives.com/players/f/fatu00200.html
Olakunle,Fatukasi Rutgers,2,2022,2023,14,https://www.profootballarchives.com/players/f/fatu00400.html
Chuck,Faucette Maryland,2,1987,1988,10,https://www.profootballarchives.com/players/f/fauc00200.html
Kevin,Faulk Louisiana State,13,1999,2011,161,https://www.profootballarchives.com/players/f/faul00080.html
Marshall,Faulk San Diego State,12,1994,2005,176,https://www.profootballarchives.com/players/f/faul00100.html
Trev,Faulk Louisiana State,2,2004,2005,29,https://www.profootballarchives.com/players/f/faul00170.html
Chris,Faulkner Florida,2,1984,1985,17,https://www.profootballarchives.com/players/f/faul00300.html
Jeff,Faulkner Southern University,7,1987,1996,52,https://www.profootballarchives.com/players/f/faul00400.html
Staley,Faulkner Texas,1,1964,1964,1,https://www.profootballarchives.com/players/f/faul00800.html
Ta'ase,Faumui Hawaii,2,1994,1995,8,https://www.profootballarchives.com/players/f/faum00100.html
Wilson,Faumuina San Jose State,5,1977,1981,74,https://www.profootballarchives.com/players/f/faum00200.html
Christian,Fauria Colorado,13,1995,2007,191,https://www.profootballarchives.com/players/f/faur00200.html
Joseph,Fauria Notre Dame; UCLA,2,2013,2014,23,https://www.profootballarchives.com/players/f/faur00250.html
Ron,Faurot Arkansas,2,1984,1985,20,https://www.profootballarchives.com/players/f/faur00400.html
Frank,Fausch Kalamazoo,2,1921,1922,8,https://www.profootballarchives.com/players/f/faus00200.html
Dick,Faust Otterbein,3,1924,1929,13,https://www.profootballarchives.com/players/f/faus00400.html
George,Faust Minnesota,1,1939,1939,9,https://www.profootballarchives.com/players/f/faus00600.html
Paul,Faust Minnesota,1,1967,1967,1,https://www.profootballarchives.com/players/f/faus00800.html
Troy,Fautanu Washington,1,2024,2024,1,https://www.profootballarchives.com/players/f/faut00200.html
Hal,Faverty Wisconsin,1,1952,1952,11,https://www.profootballarchives.com/players/f/fave00200.html
Greg,Favors Mississippi State,8,1998,2005,101,https://www.profootballarchives.com/players/f/favo00600.html
Brett,Favre Southern Mississippi,20,1991,2010,302,https://www.profootballarchives.com/players/f/favr00200.html
Calvin,Favron Southeastern Louisiana,4,1979,1982,50,https://www.profootballarchives.com/players/f/favr00400.html
Jake,Fawcett Southern Methodist,4,1942,1946,37,https://www.profootballarchives.com/players/f/fawc00200.html
Doc,Fay Marquette,1,1922,1922,1,https://www.profootballarchives.com/players/f/fay000100.html
Jerry,Fay Grove City,1,1926,1926,5,https://www.profootballarchives.com/players/f/fay000200.html
John,Faylor Santa Clara,1,1987,1987,3,https://www.profootballarchives.com/players/f/fayl00200.html
Jermaine,Fazande Oklahoma,2,1999,2000,20,https://www.profootballarchives.com/players/f/faza00200.html
Ron,Fazio Maryland,1,1987,1987,1,https://www.profootballarchives.com/players/f/fazi00200.html
Ricky,Feacher Mississippi Valley State,10,1976,1984,125,https://www.profootballarchives.com/players/f/feac00200.html
Wiley,Feagin Texas; Houston,3,1961,1963,30,https://www.profootballarchives.com/players/f/feag00200.html
Jeff,Feagles Scottsdale CC; Miami (Florida),22,1988,2009,352,https://www.profootballarchives.com/players/f/feag00400.html
Tom,Feamster William & Mary; Florida State,1,1956,1956,12,https://www.profootballarchives.com/players/f/feam00200.html
Tom,Fears Santa Clara; UCLA,9,1948,1956,87,https://www.profootballarchives.com/players/f/fear00200.html
Willie,Fears Holmes CC; Northwestern State (Louisiana),2,1987,1990,5,https://www.profootballarchives.com/players/f/fear00400.html
Grant,Feasel Abilene Christian,9,1983,1992,117,https://www.profootballarchives.com/players/f/feas00200.html
Greg,Feasel Barstow JC; Abilene Christian,2,1986,1987,18,https://www.profootballarchives.com/players/f/feas00400.html
Bill,Feaster Fordham,2,1929,1930,21,https://www.profootballarchives.com/players/f/feas00600.html
Tavien,Feaster Clemson; South Carolina,1,2021,2021,3,https://www.profootballarchives.com/players/f/feas01200.html
Tiny,Feather Kansas State,9,1927,1934,86,https://www.profootballarchives.com/players/f/feat00200.html
Beattie,Feathers Tennessee,7,1934,1940,54,https://www.profootballarchives.com/players/f/feat00400.html
Terrence,Fede Marist,4,2014,2017,51,https://www.profootballarchives.com/players/f/fede00050.html
Creig,Federico Iowa Central CC; Illinois State,1,1987,1987,3,https://www.profootballarchives.com/players/f/fede00200.html
Dan,Federkeil Calgary,4,2006,2009,28,https://www.profootballarchives.com/players/f/fede00250.html
John,Federovitch Davis & Elkins,2,1941,1946,14,https://www.profootballarchives.com/players/f/fede00400.html
Joe,Federspiel Kentucky,10,1972,1981,141,https://www.profootballarchives.com/players/f/fede00600.html
Walt,Fedora George Washington,1,1942,1942,8,https://www.profootballarchives.com/players/f/fedo00200.html
Gerry,Feehery Syracuse,6,1983,1988,47,https://www.profootballarchives.com/players/f/feeh00200.html
A.J.,Feeley Oregon,6,2001,2011,28,https://www.profootballarchives.com/players/f/feel00400.html
Jay,Feely Michigan,14,2001,2014,211,https://www.profootballarchives.com/players/f/feel00600.html
Al,Feeney Notre Dame,2,1920,1921,16,https://www.profootballarchives.com/players/f/feen00200.html
Dan,Feeney Indiana,8,2017,2024,120,https://www.profootballarchives.com/players/f/feen00250.html
Howard,Feggins North Carolina,1,1989,1989,11,https://www.profootballarchives.com/players/f/fegg00200.html
Nick,Feher Georgia,5,1951,1955,46,https://www.profootballarchives.com/players/f/fehe00200.html
Breiden,Fehoko Texas Tech; Louisiana State,3,2020,2022,19,https://www.profootballarchives.com/players/f/feho00200.html
Simi,Fehoko Stanford,4,2021,2024,24,https://www.profootballarchives.com/players/f/feho00400.html
Bernie,Feibish New York University,1,1941,1941,3,https://www.profootballarchives.com/players/f/feib00200.html
Andy,Feichtinger none,1,1920,1920,1,https://www.profootballarchives.com/players/f/feic00200.html
Matt,Feiler Bloomsburg,7,2017,2023,91,https://www.profootballarchives.com/players/f/feil00200.html
Ray,Feinga Brigham Young,1,2010,2010,3,https://www.profootballarchives.com/players/f/fein00400.html
Lou,Feist Canisius,3,1924,1926,21,https://www.profootballarchives.com/players/f/feis00200.html
Clayton,Fejedelem St. Xavier; Illinois,7,2016,2022,107,https://www.profootballarchives.com/players/f/feje00200.html
Gene,Fekete Ohio State,1,1946,1946,8,https://www.profootballarchives.com/players/f/feke00200.html
Johnny,Fekete Ohio University,1,1946,1946,2,https://www.profootballarchives.com/players/f/feke00400.html
Fred,Felber North Dakota,2,1932,1933,11,https://www.profootballarchives.com/players/f/felb00200.html
Bill,Feldhaus Cincinnati,4,1937,1940,43,https://www.profootballarchives.com/players/f/feld00200.html
Paul,Feldhausen Northland,1,1968,1968,2,https://www.profootballarchives.com/players/f/feld00400.html
Todd,Feldman Kent State,1,1987,1987,1,https://www.profootballarchives.com/players/f/feld00600.html
Jon,Feliciano Miami (Florida),9,2015,2023,113,https://www.profootballarchives.com/players/f/feli00860.html
Gene,Felker Wisconsin,1,1952,1952,6,https://www.profootballarchives.com/players/f/felk00400.html
Happy,Feller Texas,3,1971,1973,21,https://www.profootballarchives.com/players/f/fell00200.html
Mark,Fellows Montana State,2,1985,1986,3,https://www.profootballarchives.com/players/f/fell00400.html
Ron,Fellows Butler CC; Missouri,8,1981,1988,112,https://www.profootballarchives.com/players/f/fell00600.html
Daniel,Fells UC Davis,7,2008,2015,89,https://www.profootballarchives.com/players/f/fell00750.html
Darren,Fells UC Irvine,9,2014,2021,111,https://www.profootballarchives.com/players/f/fell00755.html
Dick,Felt Brigham Young,7,1960,1966,80,https://www.profootballarchives.com/players/f/felt00200.html
Demetric,Felton UCLA,2,2021,2022,28,https://www.profootballarchives.com/players/f/felt00370.html
Eric,Felton Texas Tech,3,1978,1980,35,https://www.profootballarchives.com/players/f/felt00400.html
Jerome,Felton Furman,10,2008,2016,132,https://www.profootballarchives.com/players/f/felt00570.html
Joe,Felton Albion,1,1987,1987,2,https://www.profootballarchives.com/players/f/felt00600.html
Ralph,Felton Maryland,9,1954,1962,93,https://www.profootballarchives.com/players/f/felt00800.html
Bobby,Felts Florida A&M,4,1965,1967,38,https://www.profootballarchives.com/players/f/felt01000.html
Tom,Fena Denver,1,1937,1937,2,https://www.profootballarchives.com/players/f/fena00200.html
Gary,Fencik Yale,12,1976,1987,164,https://www.profootballarchives.com/players/f/fenc00200.html
Dick,Fencl Northwestern,1,1933,1933,5,https://www.profootballarchives.com/players/f/fenc00400.html
James,Fenderson Long Beach CC; Hawaii,3,2001,2003,29,https://www.profootballarchives.com/players/f/fend00400.html
Chuck,Fenenbock UCLA,6,1943,1948,62,https://www.profootballarchives.com/players/f/fene00200.html
Gill,Fenerty Holy Cross,2,1990,1991,31,https://www.profootballarchives.com/players/f/fene00400.html
Bob,Fenimore Oklahoma State,1,1947,1947,11,https://www.profootballarchives.com/players/f/feni00200.html
Carl,Fennema Compton JC; Washington,2,1948,1949,13,https://www.profootballarchives.com/players/f/fenn00200.html
Chandler,Fenner Holy Cross,1,2014,2014,11,https://www.profootballarchives.com/players/f/fenn00350.html
Derrick,Fenner North Carolina; Gardner-Webb,9,1989,1997,120,https://www.profootballarchives.com/players/f/fenn00400.html
Lane,Fenner Florida State,1,1968,1968,11,https://www.profootballarchives.com/players/f/fenn00600.html
Lee,Fenner none,10,1920,1930,60,https://www.profootballarchives.com/players/f/fenn00800.html
Rick,Fenney Washington,5,1987,1991,63,https://www.profootballarchives.com/players/f/fenn01000.html
Rashad,Fenton South Carolina,5,2019,2022,49,https://www.profootballarchives.com/players/f/fent01245.html
James,Ferentz Iowa,8,2015,2023,61,https://www.profootballarchives.com/players/f/fere00180.html
Duke,Fergerson Merced JC; Washington State; San Diego State,4,1977,1980,42,https://www.profootballarchives.com/players/f/ferg00200.html
Bill,Ferguson Washington; Grossmont JC; San Diego State,2,1973,1974,24,https://www.profootballarchives.com/players/f/ferg00600.html
Blake,Ferguson Louisiana State,5,2020,2024,72,https://www.profootballarchives.com/players/f/ferg00700.html
Bob,Ferguson Ohio State,3,1962,1963,20,https://www.profootballarchives.com/players/f/ferg00800.html
Charley,Ferguson Tennessee State,6,1961,1969,64,https://www.profootballarchives.com/players/f/ferg01000.html
D'Brickashaw,Ferguson Virginia,10,2006,2015,160,https://www.profootballarchives.com/players/f/ferg01030.html
Ego,Ferguson Louisiana State,2,2014,2015,20,https://www.profootballarchives.com/players/f/ferg01075.html
Gene,Ferguson Norfolk State,4,1969,1972,41,https://www.profootballarchives.com/players/f/ferg01200.html
Howie,Ferguson none,7,1953,1960,78,https://www.profootballarchives.com/players/f/ferg01400.html
Jake,Ferguson Wisconsin,3,2022,2024,47,https://www.profootballarchives.com/players/f/ferg01470.html
Jason,Ferguson Itawamba CC; Georgia,12,1997,2009,159,https://www.profootballarchives.com/players/f/ferg01500.html
Jaylon,Ferguson Louisiana Tech,3,2019,2021,38,https://www.profootballarchives.com/players/f/ferg01510.html
Jim,Ferguson Cerritos JC; Southern California,3,1968,1969,10,https://www.profootballarchives.com/players/f/ferg01600.html
Joe,Ferguson Arkansas,17,1973,1990,186,https://www.profootballarchives.com/players/f/ferg01800.html
Josh,Ferguson Illinois,3,2016,2019,28,https://www.profootballarchives.com/players/f/ferg01900.html
Keith,Ferguson Ohio State,11,1981,1990,134,https://www.profootballarchives.com/players/f/ferg02000.html
Kevin,Ferguson Virginia,1,1987,1987,2,https://www.profootballarchives.com/players/f/ferg02200.html
Larry,Ferguson Iowa,1,1963,1963,7,https://www.profootballarchives.com/players/f/ferg02400.html
Nick,Ferguson Morris Brown; Georgia Tech,10,2000,2009,132,https://www.profootballarchives.com/players/f/ferg02670.html
Reid,Ferguson Louisiana State,8,2017,2024,131,https://www.profootballarchives.com/players/f/ferg02800.html
Robert,Ferguson Tyler JC; Texas A&M,8,2001,2008,83,https://www.profootballarchives.com/players/f/ferg02850.html
Tom,Ferguson none,1,1921,1921,2,https://www.profootballarchives.com/players/f/ferg03200.html
Vagas,Ferguson Notre Dame,5,1980,1983,33,https://www.profootballarchives.com/players/f/ferg03400.html
Fritz,Ferko Mount St. Mary's,2,1937,1938,13,https://www.profootballarchives.com/players/f/ferk00200.html
Ron,Fernandes Eastern Michigan,3,1976,1979,40,https://www.profootballarchives.com/players/f/fern00200.html
Manny,Fernandez Chabot JC; Utah,8,1968,1975,103,https://www.profootballarchives.com/players/f/fern00400.html
Mervyn,Fernandez San Jose CC; DeAnza JC; San Jose State,6,1987,1992,86,https://www.profootballarchives.com/players/f/fern00600.html
Ethan,Fernea UCLA,2,2022,2023,4,https://www.profootballarchives.com/players/f/fern01300.html
Vince,Ferragamo California; Nebraska,9,1977,1986,75,https://www.profootballarchives.com/players/f/ferr00200.html
Jack,Ferrante none,8,1941,1950,80,https://www.profootballarchives.com/players/f/ferr00400.html
Orlando,Ferrante Southern California,2,1960,1961,28,https://www.profootballarchives.com/players/f/ferr00600.html
Frank,Ferrara Rhode Island,3,2001,2003,27,https://www.profootballarchives.com/players/f/ferr00870.html
Ron,Ferrari Lakeland JC; Illinois,5,1982,1986,68,https://www.profootballarchives.com/players/f/ferr01000.html
Bill,Ferrario Wisconsin,1,2002,2002,16,https://www.profootballarchives.com/players/f/ferr01020.html
Bobby,Ferrell UCLA,5,1976,1980,68,https://www.profootballarchives.com/players/f/ferr01200.html
Clelin,Ferrell Clemson,6,2019,2024,89,https://www.profootballarchives.com/players/f/ferr01240.html
Earl,Ferrell East Tennessee State,8,1982,1989,110,https://www.profootballarchives.com/players/f/ferr01350.html
Diamond,Ferri Syracuse,1,2006,2006,3,https://www.profootballarchives.com/players/f/ferr01470.html
Neil,Ferris Loyola Marymount,4,1951,1953,28,https://www.profootballarchives.com/players/f/ferr01600.html
Lou,Ferry Villanova,6,1949,1955,70,https://www.profootballarchives.com/players/f/ferr01800.html
Paul,Fersen Georgia,2,1973,1974,4,https://www.profootballarchives.com/players/f/fers00200.html
Howard,Fest Texas,10,1968,1977,127,https://www.profootballarchives.com/players/f/fest00200.html
Jim,Fetherston California,2,1968,1969,27,https://www.profootballarchives.com/players/f/feth00200.html
Gus,Fetz,1,1923,1923,9,https://www.profootballarchives.com/players/f/fetz00200.html
Maurice,Ffrench Pittsburgh,1,2021,2021,3,https://www.profootballarchives.com/players/f/ffre00200.html
John,Fiala Washington,5,1998,2002,75,https://www.profootballarchives.com/players/f/fial00600.html
Tony,Fiammetta Syracuse,5,2009,2014,51,https://www.profootballarchives.com/players/f/fiam00200.html
Dan,Ficca Southern California,5,1962,1966,70,https://www.profootballarchives.com/players/f/ficc00200.html
Leon,Fichman Alabama,1,1946,1946,11,https://www.profootballarchives.com/players/f/fich00200.html
Brad,Fichtel Eastern Illinois,1,1994,1994,1,https://www.profootballarchives.com/players/f/fich00300.html
Ross,Fichtner Purdue,9,1960,1968,106,https://www.profootballarchives.com/players/f/fich00400.html
Sam,Ficken Penn State,4,2017,2020,31,https://www.profootballarchives.com/players/f/fick00510.html
Bill,Fiedler Pennsylvania,1,1938,1938,1,https://www.profootballarchives.com/players/f/fied00100.html
Jay,Fiedler Dartmouth,8,1998,2005,76,https://www.profootballarchives.com/players/f/fied00200.html
C.J.,Fiedorowicz Iowa,4,2014,2017,51,https://www.profootballarchives.com/players/f/fied0040.html
Amod,Field Montclair State,1,1991,1991,2,https://www.profootballarchives.com/players/f/fiel00100.html
Doak,Field Baylor,1,1981,1981,7,https://www.profootballarchives.com/players/f/fiel00200.html
Harry,Field Hawaii; Oregon State,3,1934,1936,34,https://www.profootballarchives.com/players/f/fiel00400.html
Don,Fielder Golden West JC; Kentucky,1,1985,1985,11,https://www.profootballarchives.com/players/f/fiel00700.html
Anthony,Fieldings Morningside,1,1995,1995,4,https://www.profootballarchives.com/players/f/fiel00900.html
Aaron,Fields Savannah State; Troy,1,2000,2000,3,https://www.profootballarchives.com/players/f/fiel00970.html
Angelo,Fields Michigan State,2,1980,1981,30,https://www.profootballarchives.com/players/f/fiel01000.html
Anthony,Fields Eastern Michigan,1,1987,1987,3,https://www.profootballarchives.com/players/f/fiel01100.html
Brandon,Fields Michigan State,9,2007,2015,130,https://www.profootballarchives.com/players/f/fiel01150.html
Carlos,Fields Winston-Salem State,2,2015,2016,6,https://www.profootballarchives.com/players/f/fiel01155.html
DaMarcus,Fields Texas Tech,1,2022,2022,2,https://www.profootballarchives.com/players/f/fiel01230.html
Edgar,Fields Navarro JC; Texas A&M,5,1977,1981,62,https://www.profootballarchives.com/players/f/fiel01300.html
Floyd,Fields Arizona State,3,1991,1993,30,https://www.profootballarchives.com/players/f/fiel01400.html
George,Fields Bakersfield CC,2,1960,1961,15,https://www.profootballarchives.com/players/f/fiel01500.html
Greg,Fields Hartnell JC; Grambling State,2,1979,1980,32,https://www.profootballarchives.com/players/f/fiel01600.html
Jaime,Fields Washington,2,1993,1994,17,https://www.profootballarchives.com/players/f/fiel01700.html
Jeff,Fields Hinds CC; Arkansas State,1,1995,1995,2,https://www.profootballarchives.com/players/f/fiel01800.html
Jerry,Fields Ohio State,2,1961,1962,19,https://www.profootballarchives.com/players/f/fiel01900.html
Jitter,Fields Texas,3,1984,1987,19,https://www.profootballarchives.com/players/f/fiel02000.html
Joe,Fields Rutgers-Camden; Widener,14,1975,1988,186,https://www.profootballarchives.com/players/f/fiel02200.html
Justin,Fields Georgia; Ohio State,4,2021,2024,51,https://www.profootballarchives.com/players/f/fiel02220.html
Mark,Fields Los Angeles Southwest JC; Washington State,9,1995,2004,136,https://www.profootballarchives.com/players/f/fiel02300.html
Mark,Fields Clemson,3,2019,2020,5,https://www.profootballarchives.com/players/f/fiel02301.html
Ronald,Fields Mississippi State,7,2005,2011,87,https://www.profootballarchives.com/players/f/fiel02650.html
Scott,Fields Southern California,2,1996,1999,8,https://www.profootballarchives.com/players/f/fiel02800.html
Tony,Fields Arizona; West Virginia,4,2021,2024,45,https://www.profootballarchives.com/players/f/fiel02900.html
Ralph,Fife Pittsburgh,3,1942,1946,15,https://www.profootballarchives.com/players/f/fife00400.html
Bill,Fifer West Texas A&M,2,1978,1978,12,https://www.profootballarchives.com/players/f/fife00600.html
Steve,Fifita Utah,1,2007,2007,13,https://www.profootballarchives.com/players/f/fifi00400.html
Cedric,Figaro Notre Dame,8,1988,1996,98,https://www.profootballarchives.com/players/f/figa00200.html
George,Figner Colorado,1,1953,1953,3,https://www.profootballarchives.com/players/f/fign00200.html
Deon,Figures Colorado,6,1993,1998,93,https://www.profootballarchives.com/players/f/figu00200.html
Yamon,Figurs Garden City CC; Kansas State,6,2007,2010,34,https://www.profootballarchives.com/players/f/figu00400.html
Dan,Fike Florida,9,1985,1993,115,https://www.profootballarchives.com/players/f/fike00200.html
Jack,Filak Penn State,3,1927,1929,39,https://www.profootballarchives.com/players/f/fila00200.html
Frank,Filchock Indiana,9,1938,1950,76,https://www.profootballarchives.com/players/f/filc00200.html
Jimmy,Files Oklahoma,4,1970,1973,56,https://www.profootballarchives.com/players/f/file00500.html
Bojay,Filimoeatu Mount San Antonio JC; Utah State,1,2014,2014,8,https://www.profootballarchives.com/players/f/fili00340.html
Filip,Filipovic Urbana; Eastern Michigan; South Dakota,1,2002,2002,9,https://www.profootballarchives.com/players/f/fili00370.html
Steve,Filipowicz Fordham,2,1945,1946,21,https://www.profootballarchives.com/players/f/fili00400.html
Gene,Filipski Army; Villanova,2,1956,1957,24,https://www.profootballarchives.com/players/f/fili00600.html
John,Fina Arizona,11,1992,2002,155,https://www.profootballarchives.com/players/f/fina00200.html
Bull,Finch Whittier,1,1926,1926,6,https://www.profootballarchives.com/players/f/finc00200.html
Karl,Finch Iowa; Modesto JC; Cal Poly (Pomona),1,1962,1962,7,https://www.profootballarchives.com/players/f/finc00400.html
Sharif,Finch Temple,5,2018,2021,28,https://www.profootballarchives.com/players/f/finc00590.html
Steve,Finch Elmhurst,1,1987,1987,1,https://www.profootballarchives.com/players/f/finc00600.html
Alfred,Fincher Connecticut,4,2005,2008,38,https://www.profootballarchives.com/players/f/finc00750.html
Derek,Fine Kansas,2,2008,2009,18,https://www.profootballarchives.com/players/f/fine00100.html
Mike,Fink Missouri,1,1973,1973,13,https://www.profootballarchives.com/players/f/fink00200.html
Matt,Finkes Ohio State,1,1997,1997,8,https://www.profootballarchives.com/players/f/fink00300.html
Jim,Finks Tulsa,7,1949,1955,80,https://www.profootballarchives.com/players/f/fink00400.html
Jack,Finlay UCLA,5,1947,1951,57,https://www.profootballarchives.com/players/f/finl00200.html
A.J.,Finley Mississippi,3,2023,2024,27,https://www.profootballarchives.com/players/f/finl00990.html
Clint,Finley Nebraska,2,2002,2003,4,https://www.profootballarchives.com/players/f/finl01600.html
Jermichael,Finley Texas,6,2008,2013,70,https://www.profootballarchives.com/players/f/finl02300.html
Ryan,Finley Boise State; North Carolina State,2,2019,2020,8,https://www.profootballarchives.com/players/f/finl02800.html
Bernie,Finn Holy Cross,4,1930,1932,17,https://www.profootballarchives.com/players/f/finn00200.html
Jack,Finn Villanova,1,1924,1924,9,https://www.profootballarchives.com/players/f/finn00400.html
Jim,Finn Pennsylvania,7,2000,2006,106,https://www.profootballarchives.com/players/f/finn00430.html
Cortland,Finnegan Samford,10,2006,2015,133,https://www.profootballarchives.com/players/f/finn00590.html
Jimmy,Finnegan St. Louis,1,1923,1923,2,https://www.profootballarchives.com/players/f/finn00600.html
Brian,Finneran Villanova,10,1999,2010,129,https://www.profootballarchives.com/players/f/finn00750.html
Garry,Finneran East Los Angeles JC; Southern California,2,1960,1961,26,https://www.profootballarchives.com/players/f/finn00800.html
B.J.,Finney Kansas State,7,2016,2021,73,https://www.profootballarchives.com/players/f/finn00825.html
Roger,Finnie Florida A&M,11,1969,1979,121,https://www.profootballarchives.com/players/f/finn01000.html
Tom,Finnin Detroit Mercy,6,1953,1957,56,https://www.profootballarchives.com/players/f/finn01200.html
Russ,Finsterwald Ohio University; Syracuse,1,1920,1920,1,https://www.profootballarchives.com/players/f/fins00200.html
Dave,Finzer Illinois; DePauw,2,1984,1985,28,https://www.profootballarchives.com/players/f/finz00200.html
Dave,Fiore Hofstra,6,1998,2003,62,https://www.profootballarchives.com/players/f/fior00130.html
Al,Fiorentino Boston College,3,1943,1945,28,https://www.profootballarchives.com/players/f/fior00200.html
Ed,Fiorentino Boston College; Brown,1,1947,1947,2,https://www.profootballarchives.com/players/f/fior00400.html
Anthony,Firkser Harvard,8,2018,2024,78,https://www.profootballarchives.com/players/f/firk00200.html
Bill,Fischer Notre Dame,5,1949,1953,59,https://www.profootballarchives.com/players/f/fisc00200.html
Clarke,Fischer Marquette; Campion; Catholic,1,1926,1926,2,https://www.profootballarchives.com/players/f/fisc00400.html
Clete,Fischer Nebraska,1,1949,1949,12,https://www.profootballarchives.com/players/f/fisc00600.html
Eddie,Fischer Columbia,1,1925,1925,2,https://www.profootballarchives.com/players/f/fisc00740.html
Mark,Fischer Purdue,2,1998,2000,22,https://www.profootballarchives.com/players/f/fisc01050.html
Pat,Fischer Nebraska,17,1961,1977,213,https://www.profootballarchives.com/players/f/fisc01200.html
Joe,Fishback Carson-Newman,5,1991,1994,45,https://www.profootballarchives.com/players/f/fish00100.html
Dick,Fishel Syracuse,2,1933,1934,10,https://www.profootballarchives.com/players/f/fish00200.html
Blake,Fisher Notre Dame,1,2024,2024,15,https://www.profootballarchives.com/players/f/fish00380.html
Bob,Fisher Southern California,1,1940,1940,6,https://www.profootballarchives.com/players/f/fish00400.html
Bob,Fisher Southern Methodist,2,1980,1981,22,https://www.profootballarchives.com/players/f/fish00600.html
Bryce,Fisher Air Force,8,2001,2007,91,https://www.profootballarchives.com/players/f/fish00670.html
Charles,Fisher West Virginia,1,1999,1999,1,https://www.profootballarchives.com/players/f/fish00720.html
Darrell,Fisher Iowa,1,1925,1925,4,https://www.profootballarchives.com/players/f/fish00800.html
Doug,Fisher Reedley JC; San Diego State,2,1969,1970,10,https://www.profootballarchives.com/players/f/fish01000.html
Ed,Fisher Arizona State,9,1974,1982,126,https://www.profootballarchives.com/players/f/fish01200.html
Eric,Fisher Central Michigan,9,2013,2021,132,https://www.profootballarchives.com/players/f/fish01400.html
Ev,Fisher Santa Clara,3,1938,1940,26,https://www.profootballarchives.com/players/f/fish01600.html
George,Fisher Indiana,1,1926,1926,1,https://www.profootballarchives.com/players/f/fish01800.html
Jake,Fisher Oregon,4,2015,2018,48,https://www.profootballarchives.com/players/f/fish01950.html
Jeff,Fisher Southern California,4,1981,1984,49,https://www.profootballarchives.com/players/f/fish02000.html
Levar,Fisher North Carolina State,2,2002,2003,23,https://www.profootballarchives.com/players/f/fish02160.html
Mike,Fisher Baylor,1,1981,1981,2,https://www.profootballarchives.com/players/f/fish02200.html
Ray,Fisher Eastern Illinois,1,1959,1959,12,https://www.profootballarchives.com/players/f/fish02400.html
Tony,Fisher Notre Dame,5,2002,2006,68,https://www.profootballarchives.com/players/f/fish02890.html
Travis,Fisher Coffeyville CC; Central Florida,8,2002,2009,90,https://www.profootballarchives.com/players/f/fish02900.html
Alex,Fishman none,1,1921,1921,5,https://www.profootballarchives.com/players/f/fish03000.html
Bill,Fisk Southern California,7,1940,1948,83,https://www.profootballarchives.com/players/f/fisk00200.html
Jason,Fisk Stanford,12,1995,2006,182,https://www.profootballarchives.com/players/f/fisk00400.html
Tucker,Fisk Stanford,2,2023,2024,15,https://www.profootballarchives.com/players/f/fisk00500.html
Braden,Fiske Western Michigan; Florida State,1,2024,2024,17,https://www.profootballarchives.com/players/f/fisk00580.html
Max,Fiske DePaul,4,1936,1939,29,https://www.profootballarchives.com/players/f/fisk00600.html
Galen,Fiss Kansas,11,1956,1966,139,https://www.profootballarchives.com/players/f/fiss00200.html
Kylie,Fitts Utah,4,2018,2021,28,https://www.profootballarchives.com/players/f/fitt00360.html
Francis,FitzGerald Detroit Mercy,1,1923,1923,7,https://www.profootballarchives.com/players/f/fitz00400.html
Freeman,Fitzgerald Notre Dame,2,1920,1921,9,https://www.profootballarchives.com/players/f/fitz00600.html
Greg,Fitzgerald Harper JC; Iowa,1,1987,1987,3,https://www.profootballarchives.com/players/f/fitz00800.html
Jamie,Fitzgerald Idaho State,1,1987,1987,2,https://www.profootballarchives.com/players/f/fitz01000.html
Jim,Fitzgerald Holy Cross,2,1930,1931,20,https://www.profootballarchives.com/players/f/fitz01200.html
Jim,Fitzgerald St. John's (New York),1,1926,1926,2,https://www.profootballarchives.com/players/f/fitz01300.html
Joe,Fitzgerald none,1,1920,1920,4,https://www.profootballarchives.com/players/f/fitz01330.html
John,Fitzgerald Boston College,10,1971,1980,137,https://www.profootballarchives.com/players/f/fitz01400.html
Kevin,Fitzgerald Wisconsin-Eau Claire,1,1987,1987,1,https://www.profootballarchives.com/players/f/fitz01800.html
Larry,Fitzgerald Pittsburgh,17,2004,2020,263,https://www.profootballarchives.com/players/f/fitz01850.html
Mickey,Fitzgerald Virginia Tech,2,1981,1981,2,https://www.profootballarchives.com/players/f/fitz02000.html
Mike,FitzGerald Iowa State,4,1966,1967,19,https://www.profootballarchives.com/players/f/fitz02200.html
Paul,FitzGibbons Creighton,6,1926,1932,53,https://www.profootballarchives.com/players/f/fitz02400.html
Steve,Fitzhugh Miami (Ohio),1,1987,1987,3,https://www.profootballarchives.com/players/f/fitz02600.html
Bob,Fitzke Wyoming; Idaho,1,1925,1925,16,https://www.profootballarchives.com/players/f/fitz02800.html
Scott,Fitzkee Penn State,4,1979,1982,36,https://www.profootballarchives.com/players/f/fitz03000.html
Dez,Fitzpatrick Louisville,4,2021,2024,8,https://www.profootballarchives.com/players/f/fitz03035.html
James,FitzPatrick Southern California,6,1986,1991,65,https://www.profootballarchives.com/players/f/fitz03200.html
John,FitzPatrick Georgia,2,2023,2024,18,https://www.profootballarchives.com/players/f/fitz03421.html
Minkah,Fitzpatrick Alabama,8,2018,2024,107,https://www.profootballarchives.com/players/f/fitz03520.html
Ryan,Fitzpatrick Harvard,17,2005,2021,166,https://www.profootballarchives.com/players/f/fitz03560.html
Casey,FitzSimmons Carroll (Montana),7,2003,2009,99,https://www.profootballarchives.com/players/f/fitz03700.html
Joe,Flacco Pittsburgh; Delaware,17,2008,2024,197,https://www.profootballarchives.com/players/f/flac00100.html
Jack,Flagerman St. Mary's (California),1,1948,1948,14,https://www.profootballarchives.com/players/f/flag00200.html
Terrence,Flagler Clemson,5,1987,1991,41,https://www.profootballarchives.com/players/f/flag00400.html
Dick,Flaherty Gonzaga; Marquette,1,1926,1926,12,https://www.profootballarchives.com/players/f/flah00200.html
Harry,Flaherty Holy Cross,1,1987,1987,2,https://www.profootballarchives.com/players/f/flah00400.html
Pat,Flaherty Princeton,2,1923,1926,11,https://www.profootballarchives.com/players/f/flah00800.html
Ray,Flaherty Washington State; Gonzaga,9,1926,1935,100,https://www.profootballarchives.com/players/f/flah01000.html
Tom,Flaherty Northwestern,1,1987,1987,3,https://www.profootballarchives.com/players/f/flah01200.html
Dick,Flanagan Ohio State,9,1948,1955,83,https://www.profootballarchives.com/players/f/flan00200.html
Ed,Flanagan Purdue,12,1965,1976,165,https://www.profootballarchives.com/players/f/flan00400.html
Hoot,Flanagan West Virginia Wesleyan; Pittsburgh,2,1925,1926,18,https://www.profootballarchives.com/players/f/flan00600.html
Latham,Flanagan Carnegie Mellon,2,1931,1931,4,https://www.profootballarchives.com/players/f/flan00800.html
Matt,Flanagan Rutgers; Pittsburgh,1,2018,2018,3,https://www.profootballarchives.com/players/f/flan00860.html
Mike,Flanagan UCLA,10,1998,2007,121,https://www.profootballarchives.com/players/f/flan00900.html
Jim,Flanigan Pittsburgh,5,1967,1971,54,https://www.profootballarchives.com/players/f/flan01300.html
Jim,Flanigan Notre Dame,10,1994,2003,145,https://www.profootballarchives.com/players/f/flan01400.html
John,Flannery Syracuse,6,1991,1998,80,https://www.profootballarchives.com/players/f/flan01600.html
Bill,Flannigan none,1,1926,1926,2,https://www.profootballarchives.com/players/f/flan01800.html
Demetrius,Flannigan-Fowles Arizona,5,2020,2024,73,https://www.profootballarchives.com/players/f/flan02200.html
Paul,Flatley Northwestern,8,1963,1970,106,https://www.profootballarchives.com/players/f/flat00200.html
Willie,Flattery Wooster,2,1925,1926,16,https://www.profootballarchives.com/players/f/flat00400.html
Jack,Flavin Georgetown (DC),2,1923,1924,3,https://www.profootballarchives.com/players/f/flav00200.html
P.J.,Fleck Northern Illinois,1,2004,2004,1,https://www.profootballarchives.com/players/f/flec00130.html
Bill,Fleckenstein Carleton; Iowa,9,1925,1931,82,https://www.profootballarchives.com/players/f/flec00200.html
Coby,Fleener Stanford,6,2012,2017,87,https://www.profootballarchives.com/players/f/flee00100.html
Jack,Fleischmann Purdue,5,1925,1929,57,https://www.profootballarchives.com/players/f/flei00200.html
Bill,Fleming Mount Union,1,1925,1925,1,https://www.profootballarchives.com/players/f/flem00100.html
Cameron,Fleming Stanford,11,2014,2024,118,https://www.profootballarchives.com/players/f/flem00125.html
Cory,Fleming Tennessee,2,1994,1995,18,https://www.profootballarchives.com/players/f/flem00150.html
Darius,Fleming Notre Dame,2,2014,2015,11,https://www.profootballarchives.com/players/f/flem00170.html
Don,Fleming Florida,3,1960,1962,38,https://www.profootballarchives.com/players/f/flem00200.html
George,Fleming East Los Angeles JC; Washington,1,1961,1961,14,https://www.profootballarchives.com/players/f/flem00600.html
Jamell,Fleming Oklahoma,4,2012,2015,46,https://www.profootballarchives.com/players/f/flem00720.html
Marv,Fleming Utah,12,1963,1974,162,https://www.profootballarchives.com/players/f/flem00800.html
Troy,Fleming Tennessee,2,2004,2005,29,https://www.profootballarchives.com/players/f/flem00920.html
Zeron,Flemister Iowa,5,2000,2005,60,https://www.profootballarchives.com/players/f/flem00950.html
Ronald,Flemons Texas A&M,3,2001,2004,6,https://www.profootballarchives.com/players/f/flem01000.html
Mack,Flenniken Centenary; Geneva,2,1930,1931,12,https://www.profootballarchives.com/players/f/flen00200.html
Art,Fletcher Washburn,1,1950,1950,2,https://www.profootballarchives.com/players/f/flet00150.html
Billy,Fletcher Memphis,1,1966,1966,1,https://www.profootballarchives.com/players/f/flet00200.html
Bradley,Fletcher Iowa,7,2009,2015,73,https://www.profootballarchives.com/players/f/flet00230.html
Bryan,Fletcher UCLA,3,2005,2007,46,https://www.profootballarchives.com/players/f/flet00250.html
Chris,Fletcher Temple,7,1970,1976,76,https://www.profootballarchives.com/players/f/flet00400.html
Dane,Fletcher Montana State,4,2010,2014,54,https://www.profootballarchives.com/players/f/flet00450.html
Derrick,Fletcher Baylor,4,2000,2005,21,https://www.profootballarchives.com/players/f/flet00500.html
Donnie,Fletcher Boston College,1,2012,2012,3,https://www.profootballarchives.com/players/f/flet00510.html
Jamar,Fletcher Wisconsin,8,2001,2008,105,https://www.profootballarchives.com/players/f/flet00580.html
John,Fletcher Texas A&M-Kingsville,1,1987,1987,3,https://www.profootballarchives.com/players/f/flet00600.html
London,Fletcher St. Francis (Pennsylvania); John Carroll,16,1998,2013,256,https://www.profootballarchives.com/players/f/flet00900.html
Ollie,Fletcher Santa Ana JC; Southern California,1,1949,1949,3,https://www.profootballarchives.com/players/f/flet01000.html
Simon,Fletcher Houston,11,1985,1995,172,https://www.profootballarchives.com/players/f/flet01200.html
Terrell,Fletcher Wisconsin,8,1995,2002,111,https://www.profootballarchives.com/players/f/flet01400.html
Tom,Flick Washington,4,1981,1986,21,https://www.profootballarchives.com/players/f/flic00200.html
Paul,Flinn Minnesota,2,1922,1923,11,https://www.profootballarchives.com/players/f/flin00200.html
Ryan,Flinn Central Florida,1,2005,2005,2,https://www.profootballarchives.com/players/f/flin00230.html
George,Flint Arizona State,5,1962,1968,65,https://www.profootballarchives.com/players/f/flin00400.html
Judson,Flint California (Pennsylvania); Memphis,4,1980,1983,39,https://www.profootballarchives.com/players/f/flin00600.html
Brian,Flones Washington State,2,1981,1982,13,https://www.profootballarchives.com/players/f/flon00200.html
Anthony,Florence Northeastern Oklahoma A&M JC; Bethune-Cookman,1,1991,1991,6,https://www.profootballarchives.com/players/f/flor00200.html
Drayton,Florence Tennessee-Chattanooga; Tuskegee,11,2003,2013,157,https://www.profootballarchives.com/players/f/flor00230.html
Paul,Florence Georgetown (DC),1,1920,1920,6,https://www.profootballarchives.com/players/f/flor00400.html
Mike,Flores Louisville,5,1991,1995,61,https://www.profootballarchives.com/players/f/flor00600.html
Tom,Flores Fresno CC; Pacific,10,1960,1969,106,https://www.profootballarchives.com/players/f/flor00800.html
Cordale,Flott Louisiana State,3,2022,2024,39,https://www.profootballarchives.com/players/f/flot00200.html
Ryan,Flournoy Central Missouri; Iowa Western CC; Southeast Missouri State,1,2024,2024,12,https://www.profootballarchives.com/players/f/flou00400.html
Jim,Flower Ohio State,6,1920,1925,40,https://www.profootballarchives.com/players/f/flow00200.html
Bernie,Flowers Purdue,1,1956,1956,1,https://www.profootballarchives.com/players/f/flow00400.html
Bob,Flowers Texas; Texas Tech,8,1942,1949,63,https://www.profootballarchives.com/players/f/flow00600.html
Brandon,Flowers Virginia Tech,9,2008,2016,119,https://www.profootballarchives.com/players/f/flow00650.html
Charlie,Flowers Mississippi,3,1960,1962,29,https://www.profootballarchives.com/players/f/flow00800.html
Dallis,Flowers Tiffin; Robert Morris; Grand View; Pittsburg State,4,2022,2024,23,https://www.profootballarchives.com/players/f/flow00880.html
Dick,Flowers Northwestern,1,1953,1953,3,https://www.profootballarchives.com/players/f/flow01000.html
Ereck,Flowers Miami (Florida),8,2015,2021,105,https://www.profootballarchives.com/players/f/flow01090.html
Erik,Flowers Trinity Valley CC; Arizona State,5,2000,2004,58,https://www.profootballarchives.com/players/f/flow01100.html
Keith,Flowers Texas Christian,2,1952,1952,9,https://www.profootballarchives.com/players/f/flow01400.html
Kenny,Flowers Clemson,2,1987,1989,16,https://www.profootballarchives.com/players/f/flow01600.html
Larry,Flowers Texas Tech,6,1981,1985,67,https://www.profootballarchives.com/players/f/flow01800.html
Lee,Flowers Georgia Tech,8,1995,2002,112,https://www.profootballarchives.com/players/f/flow01900.html
Marquis,Flowers Arizona,4,2014,2018,53,https://www.profootballarchives.com/players/f/flow01940.html
Richmond,Flowers Tennessee,6,1969,1973,55,https://www.profootballarchives.com/players/f/flow02000.html
Tre,Flowers Oklahoma State,9,2018,2024,95,https://www.profootballarchives.com/players/f/flow02580.html
Trey,Flowers Arkansas,8,2015,2022,79,https://www.profootballarchives.com/players/f/flow02600.html
Zay,Flowers Boston College,2,2023,2024,33,https://www.profootballarchives.com/players/f/flow02800.html
Anthony,Floyd Louisville,2,2003,2004,17,https://www.profootballarchives.com/players/f/floy00220.html
Bobby,Jack Floyd Texas Christian,2,1952,1953,19,https://www.profootballarchives.com/players/f/floy00400.html
Chris,Floyd Michigan,4,1998,2000,42,https://www.profootballarchives.com/players/f/floy00500.html
Don,Floyd Texas Christian,8,1960,1967,97,https://www.profootballarchives.com/players/f/floy00600.html
Eric,Floyd Auburn,5,1990,1995,38,https://www.profootballarchives.com/players/f/floy00700.html
George,Floyd Eastern Kentucky,2,1982,1984,15,https://www.profootballarchives.com/players/f/floy00800.html
John,Floyd Louisiana-Monroe,3,1979,1981,27,https://www.profootballarchives.com/players/f/floy01000.html
Leonard,Floyd Georgia,9,2016,2024,138,https://www.profootballarchives.com/players/f/floy01110.html
Malcolm,Floyd Fresno State,5,1994,1997,49,https://www.profootballarchives.com/players/f/floy01130.html
Malcom,Floyd Wyoming,11,2004,2015,121,https://www.profootballarchives.com/players/f/floy01140.html
Marcus,Floyd Indiana,2,2002,2002,4,https://www.profootballarchives.com/players/f/floy01160.html
Michael,Floyd Notre Dame,8,2012,2018,102,https://www.profootballarchives.com/players/f/floy01175.html
Owen,Floyd Rose-Hulman,2,1920,1921,3,https://www.profootballarchives.com/players/f/floy01200.html
Sharrif,Floyd Florida,4,2013,2016,44,https://www.profootballarchives.com/players/f/floy01330.html
Victor,Floyd Florida State,1,1989,1989,6,https://www.profootballarchives.com/players/f/floy01400.html
William,Floyd Florida State,7,1994,2000,90,https://www.profootballarchives.com/players/f/floy01600.html
Andre,Fluellen Florida State,9,2008,2015,81,https://www.profootballarchives.com/players/f/flue00200.html
David,Fluellen Toledo,3,2017,2019,25,https://www.profootballarchives.com/players/f/flue00400.html
D.J.,Fluker Alabama,8,2013,2020,108,https://www.profootballarchives.com/players/f/fluk00200.html
Darren,Flutie Boston College,1,1988,1988,16,https://www.profootballarchives.com/players/f/flut00200.html
Doug,Flutie Boston College,13,1986,2005,92,https://www.profootballarchives.com/players/f/flut00400.html
Don,Flynn Houston,3,1960,1961,27,https://www.profootballarchives.com/players/f/flyn00200.html
Furlong,Flynn Cornell,1,1926,1926,8,https://www.profootballarchives.com/players/f/flyn00400.html
Matt,Flynn Louisiana State,8,2008,2014,51,https://www.profootballarchives.com/players/f/flyn00510.html
Mike,Flynn Maine,10,1998,2007,134,https://www.profootballarchives.com/players/f/flyn00550.html
Tom,Flynn Pittsburgh,6,1984,1988,69,https://www.profootballarchives.com/players/f/flyn00600.html
Mark,Flythe Penn State,1,1993,1993,2,https://www.profootballarchives.com/players/f/flyt00200.html
Fred,Foggie Minnesota,2,1992,1994,5,https://www.profootballarchives.com/players/f/fogg00200.html
DeShawn,Fogle Kansas State,1,1997,1997,5,https://www.profootballarchives.com/players/f/fogl00200.html
Moise,Fokou Frostburg State; Maryland,6,2009,2014,73,https://www.profootballarchives.com/players/f/foko00200.html
Spencer,Folau Idaho,8,1997,2004,91,https://www.profootballarchives.com/players/f/fola00200.html
Hank,Foldberg Texas A&M; Army,2,1948,1949,25,https://www.profootballarchives.com/players/f/fold00200.html
Nick,Foles Michigan State; Arizona,11,2012,2022,71,https://www.profootballarchives.com/players/f/fole00050.html
Dave,Foley Ohio State,9,1969,1977,110,https://www.profootballarchives.com/players/f/fole00200.html
Glenn,Foley Boston College,6,1994,1999,21,https://www.profootballarchives.com/players/f/fole00300.html
Jim,Foley Syracuse,1,1926,1926,9,https://www.profootballarchives.com/players/f/fole00400.html
Steve,Foley Tulane,11,1976,1986,150,https://www.profootballarchives.com/players/f/fole00600.html
Steve,Foley Louisiana-Monroe,7,1998,2005,96,https://www.profootballarchives.com/players/f/fole00700.html
Tim,Foley Purdue,11,1970,1980,134,https://www.profootballarchives.com/players/f/fole00800.html
Tim,Foley Notre Dame,1,1981,1981,6,https://www.profootballarchives.com/players/f/fole01000.html
Dick,Folk Arkansas State; Illinois Wesleyan,1,1939,1939,2,https://www.profootballarchives.com/players/f/folk00200.html
Nick,Folk Arizona,17,2007,2024,242,https://www.profootballarchives.com/players/f/folk00300.html
Brian,Folkerts Washburn,3,2013,2015,28,https://www.profootballarchives.com/players/f/folk00380.html
Lee,Folkins Washington,5,1961,1965,63,https://www.profootballarchives.com/players/f/folk00400.html
Beryl,Follet New York University,2,1930,1931,12,https://www.profootballarchives.com/players/f/foll00200.html
Zack,Follett California,2,2009,2010,17,https://www.profootballarchives.com/players/f/foll00450.html
Brendan,Folmar California (Pennsylvania),1,1987,1987,1,https://www.profootballarchives.com/players/f/folm00200.html
J.D.,Folsom Snow JC; Weber State,1,2009,2009,2,https://www.profootballarchives.com/players/f/fols00150.html
Steve,Folsom Long Beach State; Utah,5,1981,1990,45,https://www.profootballarchives.com/players/f/fols00200.html
James,Folston Louisiana-Monroe,7,1994,2000,84,https://www.profootballarchives.com/players/f/fols00400.html
Vern,Foltz Penn State; St. Vincent,2,1944,1945,14,https://www.profootballarchives.com/players/f/folt00200.html
Art,Folz none,3,1923,1925,16,https://www.profootballarchives.com/players/f/folz00200.html
Toniu,Fonoti Nebraska,5,2002,2006,40,https://www.profootballarchives.com/players/f/fono00400.html
Al,Fontenot Navarro JC; Baylor,9,1993,2001,130,https://www.profootballarchives.com/players/f/font00200.html
Chris,Fontenot McNeese State,1,1998,1998,5,https://www.profootballarchives.com/players/f/font00300.html
Herman,Fontenot Louisiana State,6,1985,1990,83,https://www.profootballarchives.com/players/f/font00400.html
Jerry,Fontenot Texas A&M,16,1989,2004,239,https://www.profootballarchives.com/players/f/font00600.html
Therrian,Fontenot Fresno State,2,2005,2006,2,https://www.profootballarchives.com/players/f/font00650.html
Wayne,Fontes Michigan State,1,1962,1962,9,https://www.profootballarchives.com/players/f/font00800.html
Chris,Foote Southern California,8,1980,1990,104,https://www.profootballarchives.com/players/f/foot00200.html
Larry,Foote Michigan,13,2002,2014,187,https://www.profootballarchives.com/players/f/foot00450.html
Dan,Footman Florida State,6,1993,1998,69,https://www.profootballarchives.com/players/f/foot00600.html
Kai,Forbath UCLA,11,2012,2020,83,https://www.profootballarchives.com/players/f/forb00020.html
Drew,Forbes Southeast Missouri State,3,2019,2022,12,https://www.profootballarchives.com/players/f/forb00110.html
Emmanuel,Forbes Mississippi State,3,2023,2024,22,https://www.profootballarchives.com/players/f/forb00115.html
Marlon,Forbes Penn State,4,1996,1999,63,https://www.profootballarchives.com/players/f/forb00200.html
Adrian,Ford Lafayette,3,1926,1927,21,https://www.profootballarchives.com/players/f/ford00100.html
Bernard,Ford Marion Military Institute JC; Central Florida,2,1989,1990,24,https://www.profootballarchives.com/players/f/ford00200.html
Brad,Ford Fresno CC; Alabama,1,1996,1996,14,https://www.profootballarchives.com/players/f/ford00250.html
Carl,Ford Toledo,1,2005,2005,10,https://www.profootballarchives.com/players/f/ford00280.html
Charlie,Ford Houston,6,1971,1975,60,https://www.profootballarchives.com/players/f/ford00300.html
Chase,Ford Kilgore JC; Miami (Florida),2,2013,2014,20,https://www.profootballarchives.com/players/f/ford00310.html
Chris,Ford Lamar,1,1990,1990,1,https://www.profootballarchives.com/players/f/ford00400.html
Cody,Ford Oklahoma,6,2019,2024,82,https://www.profootballarchives.com/players/f/ford00480.html
Cole,Ford Southern California,4,1995,1998,38,https://www.profootballarchives.com/players/f/ford00500.html
Darryl,Ford New Mexico State,4,1992,1994,35,https://www.profootballarchives.com/players/f/ford00600.html
Dee,Ford Auburn,8,2014,2021,85,https://www.profootballarchives.com/players/f/ford00625.html
Freddie,Ford Cal Poly (San Luis Obispo),2,1960,1960,9,https://www.profootballarchives.com/players/f/ford00800.html
Garrett,Ford West Virginia,1,1968,1968,14,https://www.profootballarchives.com/players/f/ford01000.html
Henry,Ford Pittsburgh,2,1955,1956,14,https://www.profootballarchives.com/players/f/ford01400.html
Henry,Ford Arkansas,10,1994,2003,133,https://www.profootballarchives.com/players/f/ford01500.html
Isaiah,Ford Virginia Tech,4,2018,2021,32,https://www.profootballarchives.com/players/f/ford01630.html
Jacob,Ford Memphis; Holmes CC; Central Arkansas,3,2008,2010,43,https://www.profootballarchives.com/players/f/ford01660.html
Jacoby,Ford Clemson,3,2010,2013,38,https://www.profootballarchives.com/players/f/ford01670.html
Jaylan,Ford Texas,1,2024,2024,8,https://www.profootballarchives.com/players/f/ford01678.html
Jerome,Ford Alabama; Cincinnati,3,2022,2024,44,https://www.profootballarchives.com/players/f/ford01695.html
Jim,Ford Texas Southern,2,1971,1972,14,https://www.profootballarchives.com/players/f/ford01800.html
John,Ford Virginia,1,1989,1989,7,https://www.profootballarchives.com/players/f/ford01900.html
Jonathan,Ford Miami (Florida),1,2024,2024,4,https://www.profootballarchives.com/players/f/ford01910.html
Keith,Ford Oklahoma; Texas A&M,1,2018,2018,2,https://www.profootballarchives.com/players/f/ford01940.html
Len,Ford Morgan State; Michigan,11,1948,1958,125,https://www.profootballarchives.com/players/f/ford02000.html
Michael,Ford Louisiana State,1,2013,2013,12,https://www.profootballarchives.com/players/f/ford02180.html
Mike,Ford Southeast Missouri State,7,2018,2024,95,https://www.profootballarchives.com/players/f/ford02241.html
Moses,Ford Fayetteville State,1,1987,1987,1,https://www.profootballarchives.com/players/f/ford02400.html
Poona,Ford Texas,7,2018,2024,101,https://www.profootballarchives.com/players/f/ford02448.html
Rudy,Ford Auburn,7,2017,2023,86,https://www.profootballarchives.com/players/f/ford02550.html
Salem,Ford Louisville,1,1922,1922,2,https://www.profootballarchives.com/players/f/ford02600.html
Trevor,Ford Florida State; Troy,1,2009,2009,3,https://www.profootballarchives.com/players/f/ford02720.html
Brian,Forde Washington State,4,1988,1991,64,https://www.profootballarchives.com/players/f/ford02800.html
Jim,Fordham Georgia,2,1944,1945,19,https://www.profootballarchives.com/players/f/ford03000.html
Todd,Fordham Florida State,9,1997,2006,114,https://www.profootballarchives.com/players/f/ford03200.html
Bryce,Ford-Wheaton West Virginia,1,2024,2024,14,https://www.profootballarchives.com/players/f/ford03300.html
Chuck,Foreman Miami (Florida),8,1973,1980,109,https://www.profootballarchives.com/players/f/fore00200.html
D'Onta,Foreman Texas,7,2017,2024,63,https://www.profootballarchives.com/players/f/fore00260.html
Jay,Foreman Nebraska,8,1999,2006,84,https://www.profootballarchives.com/players/f/fore00300.html
Bill,Forester Southern Methodist,11,1953,1963,137,https://www.profootballarchives.com/players/f/fore00400.html
Herschel,Forester Southern Methodist,4,1954,1957,48,https://www.profootballarchives.com/players/f/fore00600.html
Nick,Forkovitch Niagara; William & Mary,1,1948,1948,9,https://www.profootballarchives.com/players/f/fork00200.html
Kynan,Forney Trinity Valley CC; Hawaii,8,2001,2009,98,https://www.profootballarchives.com/players/f/forn00100.html
Phil,Forney East Tennessee State,1,1987,1987,3,https://www.profootballarchives.com/players/f/forn00200.html
Darrick,Forrest Cincinnati,4,2021,2024,40,https://www.profootballarchives.com/players/f/forr00140.html
Eddie,Forrest Santa Clara,2,1946,1947,22,https://www.profootballarchives.com/players/f/forr00200.html
Josh,Forrest Kentucky,2,2016,2017,12,https://www.profootballarchives.com/players/f/forr00250.html
Tom,Forrest Cincinnati,1,1974,1974,8,https://www.profootballarchives.com/players/f/forr00400.html
Miller,Forristall Alabama,2,2021,2022,6,https://www.profootballarchives.com/players/f/forr01000.html
Fred,Forsberg Washington,7,1968,1974,69,https://www.profootballarchives.com/players/f/fors00200.html
Justin,Forsett California,12,2008,2016,122,https://www.profootballarchives.com/players/f/fors00250.html
Brock,Forsey Boise State,2,2003,2004,17,https://www.profootballarchives.com/players/f/fors00300.html
Dutch,Forst Villanova,1,1926,1926,2,https://www.profootballarchives.com/players/f/fors00600.html
Marcus,Forston Miami (Florida),2,2012,2013,4,https://www.profootballarchives.com/players/f/fors00690.html
Alex,Forsyth Oregon,1,2024,2024,17,https://www.profootballarchives.com/players/f/fors00698.html
Stone,Forsythe Florida,4,2021,2024,53,https://www.profootballarchives.com/players/f/fors01600.html
L.J.,Fort Northern Iowa,8,2012,2020,91,https://www.profootballarchives.com/players/f/fort00060.html
Aldo,Forte Montana,6,1939,1947,49,https://www.profootballarchives.com/players/f/fort00200.html
Bob,Forte Arkansas,7,1946,1953,82,https://www.profootballarchives.com/players/f/fort00400.html
Ike,Forte Tyler JC; Arkansas,6,1976,1981,64,https://www.profootballarchives.com/players/f/fort00800.html
Matt,Forte Tulane,10,2008,2017,146,https://www.profootballarchives.com/players/f/fort00810.html
Roman,Fortin Oregon State; San Diego State,10,1991,2000,147,https://www.profootballarchives.com/players/f/fort00900.html
Danny,Fortmann Colgate,8,1936,1943,86,https://www.profootballarchives.com/players/f/fort01000.html
Luke,Fortner Kentucky,3,2022,2024,51,https://www.profootballarchives.com/players/f/fort01105.html
Jody,Fortson Erie CC; Valdosta State,3,2021,2024,22,https://www.profootballarchives.com/players/f/fort01147.html
Khairi,Fortt Penn State; California,1,2014,2014,3,https://www.profootballarchives.com/players/f/fort01170.html
Joe,Fortunato Virginia Military Institute; Mississippi State,12,1955,1966,155,https://www.profootballarchives.com/players/f/fort01200.html
Bill,Fortune Michigan,2,1924,1925,9,https://www.profootballarchives.com/players/f/fort01600.html
Elliott,Fortune Georgia Tech,1,1996,1996,14,https://www.profootballarchives.com/players/f/fort01700.html
Hosea,Fortune Rice,1,1983,1983,4,https://www.profootballarchives.com/players/f/fort01800.html
John,Foruria Idaho,2,1967,1968,9,https://www.profootballarchives.com/players/f/foru00200.html
J.P.,Foschi Georgia Tech,5,2005,2010,35,https://www.profootballarchives.com/players/f/fosc00200.html
Bob,Fosdick Iowa,1,1923,1923,5,https://www.profootballarchives.com/players/f/fosd00200.html
Isaiah,Foskey Notre Dame,2,2023,2024,27,https://www.profootballarchives.com/players/f/fosk00200.html
Arian,Foster Tennessee,8,2009,2016,80,https://www.profootballarchives.com/players/f/fost00080.html
Barry,Foster Arkansas,5,1990,1994,62,https://www.profootballarchives.com/players/f/fost00100.html
Bob,Foster none,3,1922,1924,20,https://www.profootballarchives.com/players/f/fost00200.html
Derrick,Foster William Paterson,1,1987,1987,3,https://www.profootballarchives.com/players/f/fost00350.html
DeShaun,Foster UCLA,6,2003,2008,80,https://www.profootballarchives.com/players/f/fost00410.html
D.J.,Foster Arizona State,4,2016,2020,27,https://www.profootballarchives.com/players/f/fost00450.html
Eddie,Foster Houston,2,1977,1979,15,https://www.profootballarchives.com/players/f/fost00800.html
Eric,Foster Rutgers,4,2008,2011,49,https://www.profootballarchives.com/players/f/fost00900.html
Fred,Foster Syracuse,3,1923,1924,6,https://www.profootballarchives.com/players/f/fost01000.html
Gene,Foster Arizona State,6,1965,1970,68,https://www.profootballarchives.com/players/f/fost01200.html
George,Foster Georgia,6,2003,2008,68,https://www.profootballarchives.com/players/f/fost01210.html
Glenn,Foster Illinois,2,2013,2014,17,https://www.profootballarchives.com/players/f/fost01220.html
Javon,Foster Missouri,1,2024,2024,4,https://www.profootballarchives.com/players/f/fost01345.html
Jerome,Foster Ohio State,5,1983,1987,44,https://www.profootballarchives.com/players/f/fost01400.html
Larry,Foster Louisiana State,4,2000,2003,37,https://www.profootballarchives.com/players/f/fost01500.html
Mason,Foster Washington,8,2011,2018,107,https://www.profootballarchives.com/players/f/fost01530.html
Ralph,Foster Idaho; Oklahoma State,2,1945,1946,19,https://www.profootballarchives.com/players/f/fost01600.html
Ramon,Foster Tennessee,11,2009,2019,160,https://www.profootballarchives.com/players/f/fost01650.html
Renardo,Foster Louisville,2,2007,2010,17,https://www.profootballarchives.com/players/f/fost01700.html
Reuben,Foster Alabama,2,2017,2018,16,https://www.profootballarchives.com/players/f/fost01750.html
Robert,Foster Alabama,3,2018,2020,30,https://www.profootballarchives.com/players/f/fost01790.html
Ron,Foster Northridge State,1,1987,1987,3,https://www.profootballarchives.com/players/f/fost02000.html
Roy,Foster Southern California,12,1982,1993,165,https://www.profootballarchives.com/players/f/fost02200.html
Wally,Foster Bucknell,1,1925,1925,9,https://www.profootballarchives.com/players/f/fost02400.html
Will,Foster Eastern Michigan,2,1973,1974,21,https://www.profootballarchives.com/players/f/fost02600.html
Cole,Fotheringham Utah,1,2023,2023,2,https://www.profootballarchives.com/players/f/foth00200.html
Leki,Fotu Utah,5,2020,2024,58,https://www.profootballarchives.com/players/f/fotu00200.html
David,Foucault Montreal,1,2014,2014,5,https://www.profootballarchives.com/players/f/fouc00100.html
Elbert,Foules Alcorn State,5,1983,1987,73,https://www.profootballarchives.com/players/f/foul00200.html
Daurice,Fountain Northern Iowa,3,2018,2021,8,https://www.profootballarchives.com/players/f/foun00050.html
Jamal,Fountaine Washington,2,1995,1997,10,https://www.profootballarchives.com/players/f/foun00200.html
John,Fourcade Mississippi,4,1987,1990,24,https://www.profootballarchives.com/players/f/four00200.html
Keith,Fourcade Mississippi,1,1987,1987,2,https://www.profootballarchives.com/players/f/four00400.html
Sid,Fournet Louisiana State,7,1955,1963,84,https://www.profootballarchives.com/players/f/four00600.html
Leonard,Fournette Louisiana State,7,2017,2023,81,https://www.profootballarchives.com/players/f/four00700.html
Dan,Fouts Oregon,15,1973,1987,181,https://www.profootballarchives.com/players/f/fout00200.html
Amos,Fowler Southern Mississippi,7,1978,1984,97,https://www.profootballarchives.com/players/f/fowl00200.html
Aubrey,Fowler Arkansas,1,1948,1948,13,https://www.profootballarchives.com/players/f/fowl00400.html
Bennie,Fowler Michigan State,6,2015,2020,68,https://www.profootballarchives.com/players/f/fowl00500.html
Bobby,Fowler Tennessee-Martin,1,1962,1962,1,https://www.profootballarchives.com/players/f/fowl00600.html
Bobby,Fowler Texas-El Paso; Louisiana Tech,1,1985,1985,10,https://www.profootballarchives.com/players/f/fowl00800.html
Charlie,Fowler Auburn; Houston,2,1967,1968,20,https://www.profootballarchives.com/players/f/fowl01000.html
Dan,Fowler Kentucky,1,1979,1979,1,https://www.profootballarchives.com/players/f/fowl01200.html
Dante,Fowler Florida,10,2016,2024,142,https://www.profootballarchives.com/players/f/fowl01300.html
Eric,Fowler Grand Valley State,1,2009,2009,3,https://www.profootballarchives.com/players/f/fowl01460.html
Jalston,Fowler Alabama,3,2015,2017,42,https://www.profootballarchives.com/players/f/fowl01580.html
Jerry,Fowler Northwestern State (Louisiana),1,1964,1964,4,https://www.profootballarchives.com/players/f/fowl01600.html
Melvin,Fowler Maryland,7,2002,2008,87,https://www.profootballarchives.com/players/f/fowl01670.html
Ryan,Fowler Duke,6,2004,2009,70,https://www.profootballarchives.com/players/f/fowl01730.html
Todd,Fowler Trinity Valley CC; Stephen F. Austin State,4,1985,1988,52,https://www.profootballarchives.com/players/f/fowl01800.html
Wayne,Fowler Richmond,1,1970,1970,10,https://www.profootballarchives.com/players/f/fowl02000.html
Willmer,Fowler Northwestern,2,1960,1961,13,https://www.profootballarchives.com/players/f/fowl02200.html
Dennis,Fowlkes West Virginia,4,1983,1987,43,https://www.profootballarchives.com/players/f/fowl02400.html
Chas,Fox Furman,1,1986,1986,4,https://www.profootballarchives.com/players/f/fox000200.html
Dan,Fox Notre Dame,1,2014,2014,2,https://www.profootballarchives.com/players/f/fox000205.html
Dustin,Fox Ohio State,3,2006,2008,12,https://www.profootballarchives.com/players/f/fox000260.html
Jack,Fox Rice,5,2020,2024,84,https://www.profootballarchives.com/players/f/fox000290.html
Jason,Fox Miami (Florida),5,2010,2015,37,https://www.profootballarchives.com/players/f/fox000300.html
Keyaron,Fox Georgia Tech,8,2004,2011,98,https://www.profootballarchives.com/players/f/fox000350.html
Mike,Fox West Virginia,9,1990,1998,133,https://www.profootballarchives.com/players/f/fox000500.html
Morgan,Fox Colorado State-Pueblo,8,2016,2024,120,https://www.profootballarchives.com/players/f/fox000520.html
Sam,Fox Ohio State,1,1945,1945,8,https://www.profootballarchives.com/players/f/fox000600.html
Scott,Fox Austin Peay State,1,1987,1987,2,https://www.profootballarchives.com/players/f/fox000800.html
Terry,Fox Miami (Florida),3,1941,1946,23,https://www.profootballarchives.com/players/f/fox001000.html
Tim,Fox Ohio State,11,1976,1986,141,https://www.profootballarchives.com/players/f/fox001200.html
Tomon,Fox North Carolina,3,2022,2024,28,https://www.profootballarchives.com/players/f/fox001250.html
Vernon,Fox Fresno State,8,2002,2009,98,https://www.profootballarchives.com/players/f/fox001370.html
Domonique,Foxworth Maryland,6,2005,2011,78,https://www.profootballarchives.com/players/f/foxw00200.html
Dion,Foxx James Madison,3,1994,1995,19,https://www.profootballarchives.com/players/f/foxx00100.html
Mitchell,Fraboni Arizona State,3,2022,2024,38,https://www.profootballarchives.com/players/f/frab00200.html
Reid,Fragel Ohio State,1,2015,2015,1,https://www.profootballarchives.com/players/f/frag00100.html
Dick,Frahm Nebraska,3,1932,1935,12,https://www.profootballarchives.com/players/f/frah00200.html
Todd,Frain Nebraska,2,1986,1987,4,https://www.profootballarchives.com/players/f/frai00200.html
Hank,Fraley Robert Morris,10,2001,2010,142,https://www.profootballarchives.com/players/f/fral00070.html
Bill,Fralic Pittsburgh,9,1985,1993,132,https://www.profootballarchives.com/players/f/fral00200.html
Eric,Frampton Washington State,8,2007,2013,91,https://www.profootballarchives.com/players/f/fram00150.html
Doug,France Ohio State,8,1975,1983,110,https://www.profootballarchives.com/players/f/fran00200.html
Todd,France Toledo,2,2005,2005,4,https://www.profootballarchives.com/players/f/fran00300.html
Pete,Franceschi San Francisco,1,1946,1946,9,https://www.profootballarchives.com/players/f/fran00400.html
Jason,Franci Santa Rosa JC; UC Santa Barbara,1,1966,1966,10,https://www.profootballarchives.com/players/f/fran00600.html
Chris,Francies Texas-El Paso,2,2006,2007,8,https://www.profootballarchives.com/players/f/fran00630.html
Coye,Francies American River JC; Oregon State; San Jose State,3,2009,2012,23,https://www.profootballarchives.com/players/f/fran00640.html
A.J.,Francis Maryland,3,2015,2017,9,https://www.profootballarchives.com/players/f/fran00660.html
Carlos,Francis Texas Tech,1,2004,2004,5,https://www.profootballarchives.com/players/f/fran00730.html
Dave,Francis Ohio State,1,1963,1963,8,https://www.profootballarchives.com/players/f/fran00800.html
Gene,Francis Chicago,1,1926,1926,11,https://www.profootballarchives.com/players/f/fran01000.html
Jacobi,Francis Memphis,1,2022,2022,5,https://www.profootballarchives.com/players/f/fran01080.html
James,Francis Baylor,10,1990,1999,143,https://www.profootballarchives.com/players/f/fran01100.html
Jeff,Francis Tennessee,1,1990,1990,1,https://www.profootballarchives.com/players/f/fran01150.html
Joe,Francis Oregon State,2,1958,1959,20,https://www.profootballarchives.com/players/f/fran01200.html
Jon,Francis Taft JC; Colorado State; Boise State,1,1987,1987,9,https://www.profootballarchives.com/players/f/fran01400.html
Justin,Francis Rutgers,1,2012,2012,10,https://www.profootballarchives.com/players/f/fran01450.html
Phil,Francis Stanford,2,1979,1980,21,https://www.profootballarchives.com/players/f/fran01600.html
Ron,Francis Baylor,4,1987,1990,54,https://www.profootballarchives.com/players/f/fran01800.html
Russ,Francis Oregon,14,1975,1988,167,https://www.profootballarchives.com/players/f/fran02000.html
Sam,Francis Nebraska,5,1937,1940,40,https://www.profootballarchives.com/players/f/fran02200.html
Wallace,Francis Arkansas-Pine Bluff,9,1973,1981,132,https://www.profootballarchives.com/players/f/fran02400.html
Aaron,Francisco Brigham Young,6,2005,2010,75,https://www.profootballarchives.com/players/f/fran02420.html
George,Franck Minnesota,4,1941,1947,37,https://www.profootballarchives.com/players/f/fran02500.html
Tom,Franckhauser Purdue,5,1959,1963,58,https://www.profootballarchives.com/players/f/fran02700.html
Mike,Franckowiak Central Michigan,4,1975,1978,57,https://www.profootballarchives.com/players/f/fran02800.html
Brian,Franco Penn State,1,1987,1987,2,https://www.profootballarchives.com/players/f/fran03000.html
Ed,Franco Fordham,1,1944,1944,10,https://www.profootballarchives.com/players/f/fran03200.html
Rob,Francois Boston College,4,2010,2013,39,https://www.profootballarchives.com/players/f/fran03320.html
Bill,Frank Colorado,1,1964,1964,4,https://www.profootballarchives.com/players/f/fran03600.html
Donald,Frank Winston-Salem State,6,1990,1995,92,https://www.profootballarchives.com/players/f/fran03700.html
Joe,Frank Georgetown (DC),3,1941,1943,14,https://www.profootballarchives.com/players/f/fran03800.html
John,Frank Ohio State,5,1984,1988,66,https://www.profootballarchives.com/players/f/fran04000.html
Malcolm,Frank Baylor,1,1992,1992,15,https://www.profootballarchives.com/players/f/fran04100.html
Paul,Frank Waynesburg,1,1930,1930,3,https://www.profootballarchives.com/players/f/fran04200.html
Ike,Frankian St. Mary's (California),3,1933,1935,36,https://www.profootballarchives.com/players/f/fran04400.html
Andra,Franklin Nebraska,4,1981,1984,42,https://www.profootballarchives.com/players/f/fran04600.html
Arnold,Franklin North Carolina,1,1987,1987,3,https://www.profootballarchives.com/players/f/fran04800.html
Aubrayo,Franklin Itawamba CC; Tennessee,11,2003,2013,142,https://www.profootballarchives.com/players/f/fran04850.html
Bobby,Franklin Mississippi,7,1960,1966,86,https://www.profootballarchives.com/players/f/fran05000.html
Brad,Franklin Louisiana-Lafayette,1,2003,2003,4,https://www.profootballarchives.com/players/f/fran05100.html
Byron,Franklin Auburn,6,1981,1987,77,https://www.profootballarchives.com/players/f/fran05200.html
Cleveland,Franklin Baylor,5,1977,1982,61,https://www.profootballarchives.com/players/f/fran05400.html
Collin,Franklin Canyons JC; Iowa State,1,2011,2011,2,https://www.profootballarchives.com/players/f/fran05450.html
Dennis,Franklin Michigan,2,1975,1976,9,https://www.profootballarchives.com/players/f/fran05600.html
George,Franklin Texas A&M-Kingsville,1,1978,1978,15,https://www.profootballarchives.com/players/f/fran05800.html
Jerrell,Franklin Kansas State; Northeastern Oklahoma A&M JC; Southern University,1,1987,1987,3,https://www.profootballarchives.com/players/f/fran05900.html
Jerry,Franklin Arkansas,3,2012,2014,20,https://www.profootballarchives.com/players/f/fran05920.html
Jethro,Franklin San Jose CC; Fresno State,1,1989,1989,7,https://www.profootballarchives.com/players/f/fran06000.html
John,Franklin East Mississippi CC; Auburn; Florida Atlantic,1,2019,2019,1,https://www.profootballarchives.com/players/f/fran06025.html
Johnathan,Franklin UCLA,1,2013,2013,11,https://www.profootballarchives.com/players/f/fran06030.html
Keith,Franklin Glendale CC; South Carolina,1,1995,1995,2,https://www.profootballarchives.com/players/f/fran06100.html
Larry,Franklin Jackson State,1,1978,1978,2,https://www.profootballarchives.com/players/f/fran06200.html
Orlando,Franklin Miami (Florida),7,2011,2017,90,https://www.profootballarchives.com/players/f/fran06370.html
Pat,Franklin Houston; Texas State,2,1986,1987,10,https://www.profootballarchives.com/players/f/fran06400.html
Paul,Franklin Franklin; Canterbury,3,1931,1933,22,https://www.profootballarchives.com/players/f/fran06600.html
P.J.,Franklin Tulane,1,1999,1999,3,https://www.profootballarchives.com/players/f/fran06700.html
Red,Franklin Oregon State,3,1935,1937,15,https://www.profootballarchives.com/players/f/fran06800.html
Sam,Franklin Temple,5,2020,2024,74,https://www.profootballarchives.com/players/f/fran06870.html
Stephen,Franklin Southern Illinois,1,2011,2011,5,https://www.profootballarchives.com/players/f/fran06880.html
Tony,Franklin Texas A&M,10,1979,1988,140,https://www.profootballarchives.com/players/f/fran07000.html
Troy,Franklin Oregon,1,2024,2024,16,https://www.profootballarchives.com/players/f/fran07050.html
Will,Franklin Missouri,1,2008,2008,13,https://www.profootballarchives.com/players/f/fran07170.html
Willie,Franklin Oklahoma,1,1972,1972,4,https://www.profootballarchives.com/players/f/fran07200.html
Zaire,Franklin Syracuse,7,2018,2024,115,https://www.profootballarchives.com/players/f/fran07230.html
John,Franklin-Myers Stephen F. Austin State,6,2018,2024,98,https://www.profootballarchives.com/players/f/fran07250.html
Ray,Frankowski Washington,4,1945,1948,41,https://www.profootballarchives.com/players/f/fran07400.html
Andrew,Franks Rensselaer Polytechnic Institute,2,2015,2016,32,https://www.profootballarchives.com/players/f/fran07455.html
Bubba,Franks Miami (Florida),9,2000,2008,122,https://www.profootballarchives.com/players/f/fran07570.html
Dennis,Franks Michigan,4,1976,1979,57,https://www.profootballarchives.com/players/f/fran07800.html
Dominique,Franks Oklahoma,5,2010,2014,50,https://www.profootballarchives.com/players/f/fran07850.html
Elvis,Franks Morgan State,8,1980,1986,83,https://www.profootballarchives.com/players/f/fran08000.html
Feleipe,Franks Florida; Arkansas,3,2021,2024,36,https://www.profootballarchives.com/players/f/fran08040.html
Jordan,Franks Central Florida,2,2018,2021,7,https://www.profootballarchives.com/players/f/fran08075.html
Chief,Franta St. Thomas (Minnesota),3,1929,1930,18,https://www.profootballarchives.com/players/f/fran08200.html
Jack,Frantz California,1,1968,1968,2,https://www.profootballarchives.com/players/f/fran08400.html
Nolan,Franz Tulane,1,1986,1986,1,https://www.profootballarchives.com/players/f/fran08600.html
Todd,Franz Tulsa,6,2000,2005,46,https://www.profootballarchives.com/players/f/fran08780.html
Tracy,Franz San Jose State,1,1987,1987,3,https://www.profootballarchives.com/players/f/fran08800.html
Paul,Frase Syracuse,10,1988,1998,139,https://www.profootballarchives.com/players/f/fras00200.html
Jim,Fraser Wisconsin,6,1962,1968,72,https://www.profootballarchives.com/players/f/fras00400.html
Simon,Fraser Ohio State,4,2005,2008,53,https://www.profootballarchives.com/players/f/fras00430.html
Al,Frazier Florida A&M,3,1961,1963,31,https://www.profootballarchives.com/players/f/fraz00200.html
Andre,Frazier Cincinnati,6,2005,2009,61,https://www.profootballarchives.com/players/f/fraz00250.html
Charley,Frazier Texas Southern,9,1962,1970,110,https://www.profootballarchives.com/players/f/fraz00400.html
Cliff,Frazier Fort Scott CC; UCLA,1,1977,1977,14,https://www.profootballarchives.com/players/f/fraz00600.html
Curt,Frazier Contra Costa JC; Fresno State,1,1968,1968,14,https://www.profootballarchives.com/players/f/fraz00800.html
Derrick,Frazier Texas A&M,3,1994,1996,25,https://www.profootballarchives.com/players/f/fraz00900.html
Frank,Frazier Miami (Florida),1,1987,1987,3,https://www.profootballarchives.com/players/f/fraz01000.html
Guy,Frazier Wyoming,6,1981,1986,74,https://www.profootballarchives.com/players/f/fraz01200.html
Kavon,Frazier Central Michigan,6,2016,2021,61,https://www.profootballarchives.com/players/f/fraz01300.html
Lance,Frazier West Virginia,1,2004,2004,12,https://www.profootballarchives.com/players/f/fraz01370.html
Leslie,Frazier Alcorn State,5,1981,1985,65,https://www.profootballarchives.com/players/f/fraz01400.html
Mose,Frazier Arkansas-Pine Bluff; Memphis,2,2017,2018,2,https://www.profootballarchives.com/players/f/fraz01460.html
Paul,Frazier Northwestern State (Louisiana),1,1989,1989,15,https://www.profootballarchives.com/players/f/fraz01500.html
Randy,Frazier Morehead State,1,1987,1987,3,https://www.profootballarchives.com/players/f/fraz01600.html
Wayne,Frazier Auburn,5,1962,1967,48,https://www.profootballarchives.com/players/f/fraz01800.html
Willie,Frazier Arkansas-Pine Bluff,11,1964,1975,121,https://www.profootballarchives.com/players/f/fraz02000.html
Zach,Frazier West Virginia,1,2024,2024,15,https://www.profootballarchives.com/players/f/fraz02010.html
Andy,Frederick New Mexico,9,1977,1985,132,https://www.profootballarchives.com/players/f/fred00200.html
Mike,Frederick Virginia,5,1995,1999,71,https://www.profootballarchives.com/players/f/fred00300.html
Terrence,Frederick Texas A&M,2,2012,2014,5,https://www.profootballarchives.com/players/f/fred00415.html
Travis,Frederick Wisconsin,6,2013,2019,96,https://www.profootballarchives.com/players/f/fred00425.html
Tucker,Frederickson Auburn,6,1965,1971,66,https://www.profootballarchives.com/players/f/fred00600.html
Rob,Fredrickson Michigan State,9,1994,2002,128,https://www.profootballarchives.com/players/f/fred01000.html
Doug,Free Northern Illinois,9,2007,2016,124,https://www.profootballarchives.com/players/f/free00030.html
Blake,Freeland Brigham Young,2,2023,2024,25,https://www.profootballarchives.com/players/f/free00190.html
Solomon,Freelon Grambling State,3,1972,1974,39,https://www.profootballarchives.com/players/f/free00200.html
Antonio,Freeman Virginia Tech,9,1995,2003,132,https://www.profootballarchives.com/players/f/free00300.html
Arturo,Freeman South Carolina,6,2000,2005,74,https://www.profootballarchives.com/players/f/free00350.html
Bobby,Freeman Auburn,6,1957,1962,74,https://www.profootballarchives.com/players/f/free00400.html
Dalton,Freeman Clemson,1,2014,2014,16,https://www.profootballarchives.com/players/f/free00480.html
Devonta,Freeman Florida State,8,2014,2021,98,https://www.profootballarchives.com/players/f/free00485.html
Eddie,Freeman Alabama-Birmingham,2,2002,2003,20,https://www.profootballarchives.com/players/f/free00490.html
Jack,Freeman Texas,1,1946,1946,14,https://www.profootballarchives.com/players/f/free00600.html
Jerrell,Freeman Mary Hardin-Baylor,6,2012,2017,70,https://www.profootballarchives.com/players/f/free00660.html
Josh,Freeman Kansas State,7,2009,2015,62,https://www.profootballarchives.com/players/f/free00730.html
Lorenzo,Freeman Pittsburgh,5,1987,1991,62,https://www.profootballarchives.com/players/f/free00800.html
Mike,Freeman Fresno State,3,1968,1970,37,https://www.profootballarchives.com/players/f/free01000.html
Mike,Freeman Arizona,4,1984,1988,28,https://www.profootballarchives.com/players/f/free01200.html
Phil,Freeman Arizona,3,1985,1987,37,https://www.profootballarchives.com/players/f/free01400.html
Reggie,Freeman Florida State,1,1993,1993,10,https://www.profootballarchives.com/players/f/free01500.html
Royce,Freeman Oregon,7,2018,2023,81,https://www.profootballarchives.com/players/f/free01650.html
Russ,Freeman Georgia Tech,4,1992,1995,58,https://www.profootballarchives.com/players/f/free01700.html
Steve,Freeman Mississippi State,13,1975,1987,190,https://www.profootballarchives.com/players/f/free01800.html
Dwight,Freeney Syracuse,17,2002,2017,218,https://www.profootballarchives.com/players/f/free02080.html
Jonathan,Freeny Rutgers,8,2012,2017,68,https://www.profootballarchives.com/players/f/free02140.html
Nate,Freese Boston College,1,2014,2014,3,https://www.profootballarchives.com/players/f/free02185.html
Pat,Freiermuth Penn State,4,2021,2024,62,https://www.profootballarchives.com/players/f/frei00090.html
Jesse,Freitas Santa Clara,4,1946,1949,33,https://www.profootballarchives.com/players/f/frei00200.html
Jesse,Freitas Stanford; San Diego State,2,1974,1975,13,https://www.profootballarchives.com/players/f/frei00400.html
Makoa,Freitas Arizona,2,2003,2004,28,https://www.profootballarchives.com/players/f/frei00500.html
Rocky,Freitas Oregon State,11,1968,1978,134,https://www.profootballarchives.com/players/f/frei00600.html
Barry,French Purdue,4,1947,1951,49,https://www.profootballarchives.com/players/f/fren00200.html
Ernest,French Alabama A&M,1,1982,1982,3,https://www.profootballarchives.com/players/f/fren00400.html
Walt,French Rutgers; Army,1,1925,1925,9,https://www.profootballarchives.com/players/f/fren00600.html
Wesley,French Western Michigan,1,2023,2023,17,https://www.profootballarchives.com/players/f/fren00610.html
Gus,Frerotte Tulsa,15,1994,2008,147,https://www.profootballarchives.com/players/f/frer00100.html
Mitch,Frerotte Penn State,4,1987,1992,58,https://www.profootballarchives.com/players/f/frer00200.html
Nolan,Frese Houston,1,2016,2016,16,https://www.profootballarchives.com/players/f/fres00100.html
Dick,Frey Pasadena CC; Texas A&M,2,1960,1961,21,https://www.profootballarchives.com/players/f/frey00200.html
Glenn,Frey Temple,2,1936,1937,18,https://www.profootballarchives.com/players/f/frey00400.html
Isaiah,Frey Nevada-Reno,3,2013,2014,27,https://www.profootballarchives.com/players/f/frey00650.html
Ray,Frick Pennsylvania,1,1941,1941,3,https://www.profootballarchives.com/players/f/fric00200.html
Ben,Fricke Houston,3,1999,2001,19,https://www.profootballarchives.com/players/f/fric00250.html
Larry,Friday Alcorn State; Mississippi State,1,1987,1987,1,https://www.profootballarchives.com/players/f/frid00200.html
Mike,Friede Garden City CC; Indiana,3,1980,1981,27,https://www.profootballarchives.com/players/f/frie00200.html
Bob,Friedlund Michigan State,1,1946,1946,2,https://www.profootballarchives.com/players/f/frie00400.html
Benny,Friedman Michigan,8,1927,1934,80,https://www.profootballarchives.com/players/f/frie00600.html
Bob,Friedman Washington,1,1944,1944,10,https://www.profootballarchives.com/players/f/frie00800.html
Jake,Friedman none,1,1926,1926,4,https://www.profootballarchives.com/players/f/frie01000.html
Lennie,Friedman Duke,9,2000,2007,97,https://www.profootballarchives.com/players/f/frie01100.html
Ben,Friend Louisiana State,1,1939,1939,9,https://www.profootballarchives.com/players/f/frie01200.html
Mike,Frier Appalachian State,4,1992,1994,34,https://www.profootballarchives.com/players/f/frie01400.html
Sherwood,Fries Colorado State,1,1943,1943,5,https://www.profootballarchives.com/players/f/frie01800.html
Will,Fries Penn State,4,2021,2024,41,https://www.profootballarchives.com/players/f/frie01900.html
John,Friesz Idaho,10,1990,2000,69,https://www.profootballarchives.com/players/f/frie02200.html
Byron,Frisch Brigham Young,2,2001,2002,23,https://www.profootballarchives.com/players/f/fris00150.html
David,Frisch Missouri; Iowa Central CC; Colorado State,5,1993,1997,41,https://www.profootballarchives.com/players/f/fris00200.html
Ernie,Fritsch Detroit Mercy,1,1960,1960,1,https://www.profootballarchives.com/players/f/frit00200.html
Ted,Fritsch Wisconsin-Stevens Point,9,1942,1950,99,https://www.profootballarchives.com/players/f/frit00600.html
Ted,Fritsch St. Norbert,7,1972,1979,102,https://www.profootballarchives.com/players/f/frit00800.html
Toni,Fritsch none,11,1971,1982,125,https://www.profootballarchives.com/players/f/frit01000.html
George,Fritts Clemson,1,1945,1945,10,https://www.profootballarchives.com/players/f/frit01200.html
Stan,Fritts Murray State; North Carolina State,2,1975,1976,26,https://www.profootballarchives.com/players/f/frit01400.html
Ralph,Fritz Michigan,1,1941,1941,10,https://www.profootballarchives.com/players/f/frit01600.html
Jim,Fritzsche Purdue,1,1983,1983,15,https://www.profootballarchives.com/players/f/frit01800.html
William,Frizzell North Carolina Central,10,1984,1993,134,https://www.profootballarchives.com/players/f/friz00200.html
Len,Frketich Penn State,1,1945,1945,2,https://www.profootballarchives.com/players/f/frke00200.html
Bill,Frohbose Miami (Florida),1,1974,1974,2,https://www.profootballarchives.com/players/f/froh00200.html
Hjalte,Froholdt Arkansas,5,2020,2024,65,https://www.profootballarchives.com/players/f/froh00800.html
Jake,Fromm Georgia,1,2021,2021,3,https://www.profootballarchives.com/players/f/from00600.html
Andy,Fronczek Richmond,1,1941,1941,11,https://www.profootballarchives.com/players/f/fron00200.html
John,Frongillo Cerritos JC; Baylor,5,1962,1966,54,https://www.profootballarchives.com/players/f/fron00400.html
Derrick,Frost Northern Iowa,5,2004,2008,74,https://www.profootballarchives.com/players/f/fros00170.html
Ken,Frost Tennessee,2,1961,1962,17,https://www.profootballarchives.com/players/f/fros00200.html
Scott,Frost Stanford; Nebraska,5,1998,2003,59,https://www.profootballarchives.com/players/f/fros00400.html
Isaac,Fruechte Rochester CTC JC; Minnesota,1,2016,2016,1,https://www.profootballarchives.com/players/f/frue00100.html
Jim,Frugone Syracuse,2,1925,1926,7,https://www.profootballarchives.com/players/f/frug00200.html
Babe,Frump Ohio Wesleyan,1,1930,1930,9,https://www.profootballarchives.com/players/f/frum00200.html
Ed,Frutig Michigan,4,1941,1946,28,https://www.profootballarchives.com/players/f/frut00200.html
Bob,Fry Kentucky,10,1953,1964,126,https://www.profootballarchives.com/players/f/fry000200.html
Dustin,Fry Clemson,1,2007,2007,4,https://www.profootballarchives.com/players/f/fry000320.html
Elliott,Fry South Carolina,3,2020,2021,3,https://www.profootballarchives.com/players/f/fry000325.html
Harry,Fry Bucknell,1,1932,1932,5,https://www.profootballarchives.com/players/f/fry000400.html
Wes,Fry Iowa,2,1926,1927,25,https://www.profootballarchives.com/players/f/fry000600.html
Irving,Fryar Nebraska,17,1984,2000,255,https://www.profootballarchives.com/players/f/frya00200.html
Brandon,Frye Virginia Tech,2,2008,2009,11,https://www.profootballarchives.com/players/f/frye00050.html
Charlie,Frye Akron,5,2005,2009,26,https://www.profootballarchives.com/players/f/frye00100.html
Dave,Frye Santa Ana JC; Purdue,7,1983,1989,86,https://www.profootballarchives.com/players/f/frye00200.html
Phil,Frye California Lutheran,1,1987,1987,1,https://www.profootballarchives.com/players/f/frye00400.html
Brian,Fryer Alberta,1,1976,1976,4,https://www.profootballarchives.com/players/f/frye00600.html
Ken,Fryer Western Reserve; West Virginia,1,1944,1944,3,https://www.profootballarchives.com/players/f/frye00800.html
Alani,Fua Brigham Young,2,2015,2016,19,https://www.profootballarchives.com/players/f/fua000100.html
Sione,Fua Stanford,5,2011,2014,40,https://www.profootballarchives.com/players/f/fua000200.html
Taliese,Fuaga Oregon State,1,2024,2024,17,https://www.profootballarchives.com/players/f/fuag00200.html
Chris,Fuamatu-Ma'afala Utah,7,1998,2004,73,https://www.profootballarchives.com/players/f/fuam00200.html
Dom,Fucci Kentucky,1,1955,1955,12,https://www.profootballarchives.com/players/f/fucc00200.html
Jamaal,Fudge Clemson,4,2006,2009,33,https://www.profootballarchives.com/players/f/fudg00200.html
Jean,Fugett Amherst,8,1972,1979,103,https://www.profootballarchives.com/players/f/fuge00200.html
Dick,Fugler Tulane,2,1952,1954,24,https://www.profootballarchives.com/players/f/fugl00200.html
Scott,Fujita California,11,2002,2012,143,https://www.profootballarchives.com/players/f/fuji00200.html
Bill,Fulcher Georgia Tech,3,1956,1958,23,https://www.profootballarchives.com/players/f/fulc00200.html
David,Fulcher Arizona State,8,1986,1993,103,https://www.profootballarchives.com/players/f/fulc00400.html
Mondriel,Fulcher Miami (Florida),3,2000,2002,25,https://www.profootballarchives.com/players/f/fulc00600.html
Travis,Fulgham Old Dominion,3,2019,2021,17,https://www.profootballarchives.com/players/f/fulg00250.html
Scott,Fulhage Kansas State,6,1987,1992,88,https://www.profootballarchives.com/players/f/fulh00200.html
Aaron,Fuller Washington,1,2021,2021,1,https://www.profootballarchives.com/players/f/full00008.html
Charley,Fuller Vallejo JC; San Francisco State,2,1961,1962,17,https://www.profootballarchives.com/players/f/full00100.html
Corey,Fuller Florida State,10,1995,2004,152,https://www.profootballarchives.com/players/f/full00200.html
Corey,Fuller Kansas; Virginia Tech,2,2014,2015,28,https://www.profootballarchives.com/players/f/full00201.html
Curtis,Fuller Tyler JC; Texas Christian,5,2001,2004,42,https://www.profootballarchives.com/players/f/full00220.html
Eddie,Fuller Louisiana State,3,1991,1993,20,https://www.profootballarchives.com/players/f/full00300.html
Frank,Fuller Kentucky,9,1953,1963,97,https://www.profootballarchives.com/players/f/full00400.html
James,Fuller Walla Walla CC; Portland State,2,1993,1996,23,https://www.profootballarchives.com/players/f/full00500.html
Jeff,Fuller Texas A&M,6,1984,1989,71,https://www.profootballarchives.com/players/f/full00600.html
Joe,Fuller Northern Iowa,2,1990,1991,20,https://www.profootballarchives.com/players/f/full00700.html
Johnny,Fuller Lamar,8,1968,1975,99,https://www.profootballarchives.com/players/f/full00800.html
Jordan,Fuller Ohio State,5,2020,2024,57,https://www.profootballarchives.com/players/f/full00820.html
Kendall,Fuller Virginia Tech,9,2016,2024,128,https://www.profootballarchives.com/players/f/full00850.html
Kyle,Fuller Virginia Tech,8,2014,2022,113,https://www.profootballarchives.com/players/f/full00900.html
Kyle,Fuller Baylor,5,2017,2022,51,https://www.profootballarchives.com/players/f/full00901.html
Larry,Fuller none,3,1944,1945,8,https://www.profootballarchives.com/players/f/full01000.html
Mike,Fuller Auburn,8,1975,1982,114,https://www.profootballarchives.com/players/f/full01200.html
Randy,Fuller Tennessee State,6,1994,1999,64,https://www.profootballarchives.com/players/f/full01300.html
Steve,Fuller Clemson,7,1979,1986,90,https://www.profootballarchives.com/players/f/full01400.html
Vincent,Fuller Virginia Tech,7,2005,2011,76,https://www.profootballarchives.com/players/f/full01450.html
Will,Fuller Notre Dame,6,2016,2021,55,https://www.profootballarchives.com/players/f/full01550.html
William,Fuller North Carolina,13,1986,1998,194,https://www.profootballarchives.com/players/f/full01600.html
Ed,Fullerton Maryland,1,1953,1953,2,https://www.profootballarchives.com/players/f/full01800.html
Darrell,Fullington Miami (Florida),6,1988,1992,79,https://www.profootballarchives.com/players/f/full02000.html
John,Fullington Washington State,1,2017,2017,1,https://www.profootballarchives.com/players/f/full02020.html
Brent,Fullwood Auburn,5,1987,1990,46,https://www.profootballarchives.com/players/f/full02200.html
Danny,Fulton Nebraska; Nebraska-Omaha,3,1979,1982,20,https://www.profootballarchives.com/players/f/fult00200.html
Ed,Fulton Maryland,2,1978,1979,9,https://www.profootballarchives.com/players/f/fult00400.html
Ken,Fulton,1,1921,1921,1,https://www.profootballarchives.com/players/f/fult00600.html
Kristian,Fulton Louisiana State,5,2020,2024,56,https://www.profootballarchives.com/players/f/fult00620.html
Ted,Fulton Oglethorpe,2,1931,1932,12,https://www.profootballarchives.com/players/f/fult00800.html
Zach,Fulton Tennessee,7,2014,2020,107,https://www.profootballarchives.com/players/f/fult00860.html
Mike,Fultz Nebraska,6,1977,1981,58,https://www.profootballarchives.com/players/f/fult01000.html
Troy,Fumagalli Wisconsin,2,2019,2020,19,https://www.profootballarchives.com/players/f/fuma00100.html
Devin,Funchess Michigan,5,2015,2019,62,https://www.profootballarchives.com/players/f/func00100.html
Tom,Funchess Jackson State,7,1968,1974,87,https://www.profootballarchives.com/players/f/func00200.html
Tyrek,Funderburk Richmond; Appalachian State,1,2024,2024,13,https://www.profootballarchives.com/players/f/fund00500.html
Jake,Funk Maryland,4,2021,2023,20,https://www.profootballarchives.com/players/f/funk00300.html
John,Fuqua Morgan State,8,1969,1976,101,https://www.profootballarchives.com/players/f/fuqu00200.html
Ray,Fuqua Southern Methodist,2,1935,1936,23,https://www.profootballarchives.com/players/f/fuqu00400.html
Jim,Furey Kansas State,1,1961,1961,9,https://www.profootballarchives.com/players/f/fure00200.html
Tony,Furjanic Notre Dame,3,1986,1988,28,https://www.profootballarchives.com/players/f/furj00200.html
Steve,Furness Rhode Island,10,1972,1981,106,https://www.profootballarchives.com/players/f/furn00200.html
Will,Furrer Virginia Tech,2,1992,1995,9,https://www.profootballarchives.com/players/f/furr00200.html
Mike,Furrey Ohio State; Northern Iowa,7,2003,2009,94,https://www.profootballarchives.com/players/f/furr00400.html
Tony,Furst Dayton,3,1940,1944,21,https://www.profootballarchives.com/players/f/furs00200.html
Brandon,Fusco Slippery Rock,8,2011,2018,90,https://www.profootballarchives.com/players/f/fusc00370.html
Chuck,Fusina Penn State,4,1979,1986,14,https://www.profootballarchives.com/players/f/fusi00200.html
Tommy,Fussell Louisiana State,1,1967,1967,12,https://www.profootballarchives.com/players/f/fuss00200.html
Bobby,Futrell Elizabeth City State,5,1986,1990,61,https://www.profootballarchives.com/players/f/futr00200.html
