Name,College,Years_Played,First_Season,Last_Season,Games_Played,Games_Started,Link
Jerry,Quaerna Michigan,1,1987,1987,3,https://www.profootballarchives.com/players/q/quae00200.html
Elijah,Qualls Washington,1,2017,2017,6,https://www.profootballarchives.com/players/q/qual00300.html
Red,Quam none,1,1926,1926,1,https://www.profootballarchives.com/players/q/quam00200.html
Bernard,Quarles UCLA; Hawaii,1,1987,1987,1,https://www.profootballarchives.com/players/q/quar00200.html
Kelcy,Quarles South Carolina,1,2014,2014,2,https://www.profootballarchives.com/players/q/quar00560.html
Shelton,Quarles Vanderbilt,10,1997,2006,148,https://www.profootballarchives.com/players/q/quar00600.html
Andrew,Quarless Penn State,5,2010,2015,60,https://www.profootballarchives.com/players/q/quar00650.html
Shaquille,Quarterman Miami (Florida),6,2020,2024,74,https://www.profootballarchives.com/players/q/quar00760.html
Johnny,Quast Purdue,1,1923,1923,1,https://www.profootballarchives.com/players/q/quas00200.html
Jesse,Quatse Pittsburgh,4,1933,1935,31,https://www.profootballarchives.com/players/q/quat00200.html
Frank,Quayle Virginia,1,1969,1969,11,https://www.profootballarchives.com/players/q/quay00200.html
Jeff,Queen Morgan State,6,1969,1974,76,https://www.profootballarchives.com/players/q/quee00200.html
Patrick,Queen Louisiana State,5,2020,2024,84,https://www.profootballarchives.com/players/q/quee00650.html
Jeff,Query Millikin,8,1989,1995,86,https://www.profootballarchives.com/players/q/quer00200.html
David,Quessenberry San Jose State,7,2017,2024,84,https://www.profootballarchives.com/players/q/ques00200.html
Paul,Quessenberry Navy,1,2021,2021,1,https://www.profootballarchives.com/players/q/ques00350.html
Scott,Quessenberry UCLA,5,2018,2022,79,https://www.profootballarchives.com/players/q/ques00400.html
Brian,Quick Appalachian State,7,2012,2018,84,https://www.profootballarchives.com/players/q/quic00100.html
Greg,Quick Catawba,1,1987,1987,1,https://www.profootballarchives.com/players/q/quic00200.html
Jerry,Quick Butler CC; Wichita State,1,1987,1987,1,https://www.profootballarchives.com/players/q/quic00400.html
Mike,Quick North Carolina State,9,1982,1990,101,https://www.profootballarchives.com/players/q/quic00600.html
Red,Quigley none,1,1920,1920,1,https://www.profootballarchives.com/players/q/quig00200.html
Ryan,Quigley Boston College,5,2013,2017,67,https://www.profootballarchives.com/players/q/quig00400.html
Fred,Quillan Oregon,10,1978,1987,143,https://www.profootballarchives.com/players/q/quil00200.html
Frank,Quillen Pennsylvania,2,1946,1947,22,https://www.profootballarchives.com/players/q/quil00400.html
Chuck,Quilter Stephen F. Austin State; Tyler JC,2,1949,1950,22,https://www.profootballarchives.com/players/q/quil00600.html
Glover,Quin Southwest Mississippi CC; New Mexico,10,2009,2018,159,https://www.profootballarchives.com/players/q/quin00050.html
Bill,Quinlan Michigan State,9,1957,1965,111,https://www.profootballarchives.com/players/q/quin00200.html
Skeet,Quinlan Texas Christian; San Diego State,6,1952,1956,50,https://www.profootballarchives.com/players/q/quin00400.html
Brady,Quinn Notre Dame,4,2007,2012,24,https://www.profootballarchives.com/players/q/quin00490.html
Ivan,Quinn Carroll (Wisconsin),1,1924,1924,1,https://www.profootballarchives.com/players/q/quin00600.html
Jonathan,Quinn Tulane; Middle Tennessee State,5,1998,2004,17,https://www.profootballarchives.com/players/q/quin00900.html
Kelly,Quinn Michigan State,1,1987,1987,3,https://www.profootballarchives.com/players/q/quin01000.html
Marcus,Quinn Louisiana State,1,1987,1987,3,https://www.profootballarchives.com/players/q/quin01200.html
Mike,Quinn Stephen F. Austin State,2,1997,1998,4,https://www.profootballarchives.com/players/q/quin01300.html
Paddy,Quinn none,2,1920,1921,2,https://www.profootballarchives.com/players/q/quin01400.html
Richard,Quinn North Carolina,3,2009,2011,30,https://www.profootballarchives.com/players/q/quin01550.html
Robert,Quinn North Carolina,13,2011,2022,167,https://www.profootballarchives.com/players/q/quin01570.html
Steve,Quinn Notre Dame,1,1968,1968,9,https://www.profootballarchives.com/players/q/quin01600.html
Trey,Quinn Louisiana State; Southern Methodist,3,2018,2020,15,https://www.profootballarchives.com/players/q/quin01625.html
Ed,Quirk Missouri,4,1948,1951,39,https://www.profootballarchives.com/players/q/quir00400.html
Teagan,Quitoriano Oregon State,3,2022,2024,23,https://www.profootballarchives.com/players/q/quit00200.html
Brent,Qvale Nebraska,6,2015,2020,77,https://www.profootballarchives.com/players/q/qval00100.html
