Name,College,Years_Played,First_Season,Last_Season,Games_Played,Games_Started,Link
Player College,Years,First,Last,GP,GS,0,No Link
Cosmo Iacavazzi,Princeton,1,1965,1965,2,0,https://www.profootballarchives.com/players/i/iaca00200.html
Mike Iaquainiello,Michigan,State,1,1991,1991,15,https://www.profootballarchives.com/players/i/iaqu00200.html
Mohamed Ibrahim,Minnesota,1,2023,2023,1,0,https://www.profootballarchives.com/players/i/ibra00200.html
Israel Idonije,Manitoba,10,2004,2013,149,50,https://www.profootballarchives.com/players/i/idon00200.html
Mekeli Ieremia,Brigham,Young,1,1978,1978,2,https://www.profootballarchives.com/players/i/iere00200.html
Israel Ifeanyi,Orange,Coast,JC;,Southern,California,1,https://www.profootballarchives.com/players/i/ifea00200.html
Germain Ifedi,Texas,A&M,8,2016,2024,119,https://www.profootballarchives.com/players/i/ifed00100.html
Noah Igbinoghene,Auburn,5,2020,2024,53,18,https://www.profootballarchives.com/players/i/igbi00100.html
Floyd Iglehart,Wiley,1,1958,1958,1,0,https://www.profootballarchives.com/players/i/igle00200.html
Juaquin Iglesias,Oklahoma,1,2009,2009,1,0,https://www.profootballarchives.com/players/i/igle00550.html
Donald Igwebuike,Clemson,6,1985,1990,80,0,https://www.profootballarchives.com/players/i/igwe00200.html
Godwin Igwebuike,Northwestern,6,2018,2023,40,1,https://www.profootballarchives.com/players/i/igwe00250.html
Emil Igwenagu,Massachusetts,1,2012,2012,3,1,https://www.profootballarchives.com/players/i/igwe00400.html
James Ihedigbo,Massachusetts,9,2008,2016,117,55,https://www.profootballarchives.com/players/i/ihed00200.html
Carl Ihenacho,San,Jose,State,1,2012,2012,https://www.profootballarchives.com/players/i/ihen00200.html
Duke Ihenacho,San,Jose,State,5,2012,2016,https://www.profootballarchives.com/players/i/ihen00400.html
Ben Ijalana,Villanova,4,2011,2017,34,13,https://www.profootballarchives.com/players/i/ijal00200.html
Siaki Ika,Louisiana,State;,Baylor,1,2023,2023,https://www.profootballarchives.com/players/i/ika000200.html
Gabe Ikard,Oklahoma,3,2015,2016,6,0,https://www.profootballarchives.com/players/i/ikar00200.html
Jack Ikegwuonu,Wisconsin,1,2009,2009,1,0,https://www.profootballarchives.com/players/i/ikeg00200.html
Hank Ilesic,none,1,1989,1989,14,0,https://www.profootballarchives.com/players/i/iles00200.html
Ray Ilg,Colgate,2,1967,1968,28,2,https://www.profootballarchives.com/players/i/ilg000200.html
Mark Ilgenfritz,Vanderbilt,1,1974,1974,14,2,https://www.profootballarchives.com/players/i/ilge00200.html
Tunch Ilkin,Indiana,State,14,1980,1993,177,https://www.profootballarchives.com/players/i/ilki00200.html
Ted Illman,Montana,2,1926,1928,14,8,https://www.profootballarchives.com/players/i/illm00200.html
George Iloka,Boise,State,8,2012,2020,103,https://www.profootballarchives.com/players/i/ilok00200.html
Roy Ilowit,CCNY,1,1937,1937,4,1,https://www.profootballarchives.com/players/i/ilow00200.html
Ken Iman,Southeast,Missouri,State,14,1960,1974,https://www.profootballarchives.com/players/i/iman00200.html
Marty Imhof,Pasadena,CC;,San,Diego,State,4,https://www.profootballarchives.com/players/i/imho00200.html
Tut Imlay,California,2,1926,1927,17,14,https://www.profootballarchives.com/players/i/imla00200.html
Richie Incognito,Nebraska;,Oregon,14,2006,2020,164,https://www.profootballarchives.com/players/i/inco00100.html
Thomas Incoom,Valdosta,State;,Central,Michigan,2,2023,https://www.profootballarchives.com/players/i/inco00150.html
Bob Ingalls,Michigan,1,1942,1942,10,6,https://www.profootballarchives.com/players/i/inga00200.html
Mark Ingle,none,1,1921,1921,1,0,https://www.profootballarchives.com/players/i/ingl00200.html
Tim Inglis,Toledo,2,1987,1988,12,3,https://www.profootballarchives.com/players/i/ingl00600.html
Alec Ingold,Wisconsin,6,2019,2024,90,48,https://www.profootballarchives.com/players/i/ingo00150.html
Brian Ingram,Tennessee,5,1982,1987,40,1,https://www.profootballarchives.com/players/i/ingr00200.html
Byron Ingram,Eastern,Kentucky,2,1987,1988,13,https://www.profootballarchives.com/players/i/ingr00400.html
Clint Ingram,Oklahoma,4,2006,2009,56,46,https://www.profootballarchives.com/players/i/ingr00470.html
Darryl Ingram,California,4,1989,1993,36,2,https://www.profootballarchives.com/players/i/ingr00500.html
Ed Ingram,Louisiana,State,3,2022,2024,49,https://www.profootballarchives.com/players/i/ingr00505.html
Jake Ingram,Hawaii,3,2009,2010,25,0,https://www.profootballarchives.com/players/i/ingr00540.html
Ja'Marcus Ingram,Utah,State;,Texas,Tech;,Buffalo,3,https://www.profootballarchives.com/players/i/ingr00547.html
Johnathan Ingram,San,Diego,State,1,2005,2005,https://www.profootballarchives.com/players/i/ingr00570.html
Keaontay Ingram,Texas;,Southern,California,3,2022,2024,https://www.profootballarchives.com/players/i/ingr00577.html
Kevin Ingram,East,Carolina,1,1987,1987,2,https://www.profootballarchives.com/players/i/ingr00600.html
Mark Ingram,Michigan,State,10,1987,1996,128,https://www.profootballarchives.com/players/i/ingr00800.html
Mark Ingram,Alabama,13,2011,2022,156,100,https://www.profootballarchives.com/players/i/ingr00810.html
Melvin Ingram,South,Carolina,13,2012,2023,148,https://www.profootballarchives.com/players/i/ingr00840.html
Steve Ingram,Maryland,2,1995,1999,8,0,https://www.profootballarchives.com/players/i/ingr01200.html
Burt Ingwersen,Illinois,1,1920,1920,7,7,https://www.profootballarchives.com/players/i/ingw00200.html
Dontrelle Inman,Virginia,9,2014,2020,75,37,https://www.profootballarchives.com/players/i/inma00300.html
Jerry Inman,Boise,JC;,Oregon,7,1966,1973,https://www.profootballarchives.com/players/i/inma00400.html
Earl Inmon,Bethune-Cookman,1,1978,1978,2,0,https://www.profootballarchives.com/players/i/inmo00200.html
Dou Innocent,Mississippi,1,1996,1996,4,0,https://www.profootballarchives.com/players/i/inno00200.html
Trevor Insley,Nevada-Reno,1,2001,2001,11,0,https://www.profootballarchives.com/players/i/insl00200.html
Marne Intrieri,Loyola,(Maryland),3,1932,1934,20,https://www.profootballarchives.com/players/i/intr00200.html
Junior Ioane,Snow,JC;,Arizona,State,5,2001,https://www.profootballarchives.com/players/i/ioan00200.html
Matt Ioannidis,Temple,7,2016,2022,86,53,https://www.profootballarchives.com/players/i/ioan00400.html
Joey Iosefa,Hawaii,1,2015,2015,2,0,https://www.profootballarchives.com/players/i/iose00200.html
Andrei Iosivas,Princeton,2,2023,2024,33,9,https://www.profootballarchives.com/players/i/iosi00400.html
Tony Ippolito,Purdue,1,1943,1943,9,0,https://www.profootballarchives.com/players/i/ippo00200.html
Darwin Ireland,Arkansas,2,1994,1995,3,0,https://www.profootballarchives.com/players/i/irel00200.html
Einar Irgens,none,3,1921,1923,10,7,https://www.profootballarchives.com/players/i/irge00200.html
David Irons,Butler,CC;,Auburn,2,2007,2008,https://www.profootballarchives.com/players/i/iron00130.html
Gerald Irons,Maryland-Eastern,Shore,10,1970,1979,135,https://www.profootballarchives.com/players/i/iron00200.html
Grant Irons,Notre,Dame,5,2002,2006,41,https://www.profootballarchives.com/players/i/iron00400.html
Paul Irons,Florida,State,1,2005,2005,2,https://www.profootballarchives.com/players/i/iron00600.html
Barlow Irvin,Texas,A&M,2,1926,1927,15,https://www.profootballarchives.com/players/i/irvi00200.html
Bruce Irvin,Butler,CC;,Mount,San,Antonio,JC;,https://www.profootballarchives.com/players/i/irvi00220.html
Corvey Irvin,Georgia,Military,JC;,Georgia,4,2010,https://www.profootballarchives.com/players/i/irvi00300.html
Darrell Irvin,Northeastern,Oklahoma,A&M,JC;,Oklahoma,4,https://www.profootballarchives.com/players/i/irvi00400.html
Ken Irvin,Memphis,10,1995,2005,147,72,https://www.profootballarchives.com/players/i/irvi00500.html
LeRoy Irvin,Kansas,11,1980,1990,159,120,https://www.profootballarchives.com/players/i/irvi00600.html
Mark Irvin,Bethune-Cookman,1,1987,1987,3,0,https://www.profootballarchives.com/players/i/irvi00800.html
Michael Irvin,Miami,(Florida),12,1988,1999,159,https://www.profootballarchives.com/players/i/irvi01000.html
Sedrick Irvin,Michigan,State,2,1999,2000,20,https://www.profootballarchives.com/players/i/irvi01050.html
Tex Irvin,Davis,&,Elkins,5,1931,1935,https://www.profootballarchives.com/players/i/irvi01200.html
Willie Irvin,Florida,A&M,1,1953,1953,3,https://www.profootballarchives.com/players/i/irvi01400.html
Bucky Irving,Minnesota;,Oregon,1,2024,2024,17,https://www.profootballarchives.com/players/i/irvi01575.html
David Irving,Iowa,State,5,2015,2020,39,https://www.profootballarchives.com/players/i/irvi01585.html
Isaiah Irving,San,Jose,State,4,2017,2020,https://www.profootballarchives.com/players/i/irvi01600.html
Nate Irving,North,Carolina,State,5,2011,2015,https://www.profootballarchives.com/players/i/irvi01670.html
Terry Irving,McNeese,State,5,1994,1998,70,https://www.profootballarchives.com/players/i/irvi01800.html
Don Irwin,Colgate,4,1936,1939,29,15,https://www.profootballarchives.com/players/i/irwi00200.html
Dutch Irwin,Mercer,1,1920,1920,1,0,https://www.profootballarchives.com/players/i/irwi00400.html
Heath Irwin,Colorado,6,1997,2002,87,29,https://www.profootballarchives.com/players/i/irwi00500.html
Jim Irwin,none,2,1921,1922,3,2,https://www.profootballarchives.com/players/i/irwi00600.html
Tim Irwin,Tennessee,15,1981,1994,201,187,https://www.profootballarchives.com/players/i/irwi00800.html
Trenton Irwin,Stanford,6,2019,2024,41,9,https://www.profootballarchives.com/players/i/irwi00830.html
Adisa Isaac,Penn,State,1,2024,2024,4,https://www.profootballarchives.com/players/i/isaa00020.html
Keenan Isaac,Alabama,State,2,2023,2024,6,https://www.profootballarchives.com/players/i/isaa00060.html
Ted Isaacson,Washington,2,1934,1935,22,7,https://www.profootballarchives.com/players/i/isaa00200.html
Wilmer Isabel,Ohio,State,2,1923,1924,17,https://www.profootballarchives.com/players/i/isab00200.html
Andy Isabella,Massachusetts,6,2019,2023,43,3,https://www.profootballarchives.com/players/i/isab00500.html
Sale Isaia,UCLA,2,1996,2000,25,14,https://www.profootballarchives.com/players/i/isai00200.html
Cecil Isbell,Purdue,5,1938,1942,54,24,https://www.profootballarchives.com/players/i/isbe00200.html
Joe Bob,Isbell,Houston,4,1962,1966,45,https://www.profootballarchives.com/players/i/isbe00400.html
John Isenbarger,Indiana,4,1970,1973,55,4,https://www.profootballarchives.com/players/i/isen00200.html
Kemal Ishmael,Central,Florida,7,2013,2019,95,https://www.profootballarchives.com/players/i/ishm00400.html
Danny Isidora,Miami,(Florida),5,2017,2021,30,https://www.profootballarchives.com/players/i/isid00200.html
Keith Ismael,San,Diego,State,3,2020,2023,https://www.profootballarchives.com/players/i/isma00050.html
Qadry Ismail,Syracuse,10,1993,2002,137,58,https://www.profootballarchives.com/players/i/isma00200.html
Rocket Ismail,Notre,Dame,9,1993,2001,126,https://www.profootballarchives.com/players/i/isma00400.html
Jasen Isom,Cincinnati;,Western,Illinois,2,2003,2004,https://www.profootballarchives.com/players/i/isom00100.html
Ray Isom,Penn,State,2,1987,1988,8,https://www.profootballarchives.com/players/i/isom00200.html
Rickey Isom,North,Carolina,State,1,1987,1987,https://www.profootballarchives.com/players/i/isom00400.html
Ron Israel,Notre,Dame,1,2003,2003,1,https://www.profootballarchives.com/players/i/isra00150.html
Steve Israel,Pittsburgh,9,1992,2001,102,38,https://www.profootballarchives.com/players/i/isra00200.html
Jabari Issa,Washington,2,2000,2001,23,5,https://www.profootballarchives.com/players/i/issa00200.html
Rod Issac,Middle,Tennessee,State,1,2011,2011,https://www.profootballarchives.com/players/i/issa00400.html
Ralph Isselhardt,Franklin,1,1937,1937,9,0,https://www.profootballarchives.com/players/i/isse00200.html
Pete Ittersagen,Wheaton,1,2010,2010,3,0,https://www.profootballarchives.com/players/i/itte00200.html
Jack Itzel,Georgetown,(DC);,Pittsburgh,1,1945,1945,https://www.profootballarchives.com/players/i/itze00200.html
Mike Iupati,Idaho,11,2010,2020,140,139,https://www.profootballarchives.com/players/i/iupa00200.html
Duke Iversen,Oregon,5,1947,1951,46,32,https://www.profootballarchives.com/players/i/iver00200.html
Eddie Lee,Ivery,Georgia,Tech,8,1979,1986,https://www.profootballarchives.com/players/i/iver00400.html
D.J. Ivey,Miami,(Florida),2,2023,2024,19,https://www.profootballarchives.com/players/i/ivey00050.html
Travis Ivey,Maryland,1,2010,2010,1,1,https://www.profootballarchives.com/players/i/ivey00400.html
Joey Ivie,Florida,2,2019,2019,8,0,https://www.profootballarchives.com/players/i/ivie00200.html
John Ivlow,Northwestern;,Colorado,State,1,1993,1993,https://www.profootballarchives.com/players/i/ivlo00200.html
Bob Ivory,Detroit,Mercy,1,1947,1947,4,https://www.profootballarchives.com/players/i/ivor00200.html
Chris Ivory,Washington,State,9,2010,2018,108,https://www.profootballarchives.com/players/i/ivor00230.html
Horace Ivory,Navarro,JC;,Oklahoma,7,1977,1982,https://www.profootballarchives.com/players/i/ivor00600.html
Corey Ivy,Northeastern,Oklahoma,A&M,JC;,Oklahoma,10,https://www.profootballarchives.com/players/i/ivy000150.html
Mortty Ivy,West,Virginia,1,2011,2011,6,https://www.profootballarchives.com/players/i/ivy000190.html
Pop Ivy,Oklahoma,7,1940,1947,54,38,https://www.profootballarchives.com/players/i/ivy000200.html
Mark Iwanowski,Pennsylvania,1,1978,1978,5,0,https://www.profootballarchives.com/players/i/iwan00200.html
Kenny Iwebema,Iowa,3,2008,2010,31,0,https://www.profootballarchives.com/players/i/iweb00200.html
Prince Charles,Iworah,Western,Kentucky,1,2016,2016,https://www.profootballarchives.com/players/i/iwor00200.html
Brian Iwuh,Colorado,6,2006,2011,85,4,https://www.profootballarchives.com/players/i/iwuh00200.html
Chidi Iwuoma,California,8,2001,2007,77,1,https://www.profootballarchives.com/players/i/iwuo00200.html
Joel Iyiegbuniwe,Western,Kentucky,5,2018,2022,58,https://www.profootballarchives.com/players/i/iyie00200.html
Christian Izien,Rutgers,2,2023,2024,31,12,https://www.profootballarchives.com/players/i/izie00200.html
George Izo,Notre,Dame,7,1960,1966,29,https://www.profootballarchives.com/players/i/izo000200.html
Larry Izzo,Rice,13,1996,2009,200,0,https://www.profootballarchives.com/players/i/izzo00100.html
Ryan Izzo,Florida,State,3,2019,2021,19,https://www.profootballarchives.com/players/i/izzo00400.html
