Name,College,Years_Played,First_Season,Last_Season,Games_Played,Games_Started,Link
Izzy,Yablok Colgate,3,1930,1931,20,https://www.profootballarchives.com/players/y/yabl00200.html
Vinnie,Yablonski Fordham; Columbia,4,1948,1951,39,https://www.profootballarchives.com/players/y/yabl00600.html
John,Yaccino Pittsburgh,1,1962,1962,3,https://www.profootballarchives.com/players/y/yacc00200.html
Joe,Yackanich Fordham,3,1946,1948,27,https://www.profootballarchives.com/players/y/yack00200.html
Ray,Yagiello Franklin & Marshall; Catawba,2,1948,1949,24,https://www.profootballarchives.com/players/y/yagi00200.html
Ray,Yakavonis East Stroudsburg,4,1981,1983,21,https://www.profootballarchives.com/players/y/yaka00200.html
Bashir,Yamini Iowa,1,2000,2000,6,https://www.profootballarchives.com/players/y/yami00100.html
Bill,Yanchar Purdue,1,1970,1970,5,https://www.profootballarchives.com/players/y/yanc00200.html
Carlos,Yancy Georgia,1,1995,1995,4,https://www.profootballarchives.com/players/y/yanc00800.html
Marshal,Yanda North Iowa Area CC; Iowa,13,2007,2019,177,https://www.profootballarchives.com/players/y/yand00100.html
David,Yankey Stanford,1,2016,2016,6,https://www.profootballarchives.com/players/y/yank00160.html
Colson,Yankoff Washington; UCLA,1,2024,2024,6,https://www.profootballarchives.com/players/y/yank00180.html
Ron,Yankowski Northeastern Oklahoma A&M JC; Kansas State,10,1971,1980,128,https://www.profootballarchives.com/players/y/yank00200.html
Eric,Yarber Los Angeles Valley JC; Idaho,2,1986,1987,14,https://www.profootballarchives.com/players/y/yarb00200.html
Ryan,Yarborough Wyoming,4,1994,1998,51,https://www.profootballarchives.com/players/y/yarb00300.html
Eddie,Yarbrough Wyoming,4,2017,2021,38,https://www.profootballarchives.com/players/y/yarb00345.html
Jim,Yarbrough Florida,9,1969,1977,112,https://www.profootballarchives.com/players/y/yarb00400.html
Jim,Yarbrough Murray State,1,1987,1987,3,https://www.profootballarchives.com/players/y/yarb00600.html
George,Yarno Washington State,10,1979,1989,136,https://www.profootballarchives.com/players/y/yarn00200.html
John,Yarno Idaho,6,1977,1982,74,https://www.profootballarchives.com/players/y/yarn00400.html
Tommy,Yarr Notre Dame,1,1933,1933,8,https://www.profootballarchives.com/players/y/yarr00200.html
Ron,Yary Cerritos JC; Southern California,15,1968,1982,207,https://www.profootballarchives.com/players/y/yary00200.html
Rock,Ya-Sin Presbyterian; Temple,6,2019,2024,80,https://www.profootballarchives.com/players/y/yasi00200.html
Billy,Yates Texas A&M,7,2003,2010,41,https://www.profootballarchives.com/players/y/yate00150.html
Bob,Yates Syracuse,5,1961,1965,68,https://www.profootballarchives.com/players/y/yate00200.html
Max,Yates Marshall,1,2004,2004,1,https://www.profootballarchives.com/players/y/yate00370.html
T.J.,Yates North Carolina,6,2011,2017,22,https://www.profootballarchives.com/players/y/yate00390.html
Howie,Yeager UC Santa Barbara,1,1941,1941,10,https://www.profootballarchives.com/players/y/yeag00200.html
Jim,Yeager Lehigh,1,1926,1926,10,https://www.profootballarchives.com/players/y/yeag00400.html
Bill,Yearby Michigan,1,1966,1966,9,https://www.profootballarchives.com/players/y/year00200.html
Craig,Yeast Kentucky,3,1999,2001,35,https://www.profootballarchives.com/players/y/yeas00200.html
Russ,Yeast Louisville; Kansas State,5,2022,2024,36,https://www.profootballarchives.com/players/y/yeas00800.html
Jeff,Yeates Boston College,12,1974,1984,138,https://www.profootballarchives.com/players/y/yeat00200.html
Will,Yeatman Notre Dame; Maryland,3,2011,2013,15,https://www.profootballarchives.com/players/y/yeat00300.html
Jim,Yeats Florida,1,1960,1960,1,https://www.profootballarchives.com/players/y/yeat00400.html
Kenny,Yeboah Temple; Mississippi,4,2021,2024,33,https://www.profootballarchives.com/players/y/yebo00050.html
Phil,Yeboah-Kodie Penn State,1,1996,1996,2,https://www.profootballarchives.com/players/y/yebo00200.html
Don,Yeisley Chicago,1,1928,1928,3,https://www.profootballarchives.com/players/y/yeis00200.html
Deon,Yelder Western Kentucky,4,2018,2021,29,https://www.profootballarchives.com/players/y/yeld00100.html
T.J.,Yeldon Alabama,6,2015,2020,61,https://www.profootballarchives.com/players/y/yeld00400.html
Billy,Yelverton Mississippi,1,1960,1960,10,https://www.profootballarchives.com/players/y/yelv00200.html
Dick,Yelvington Georgia,6,1952,1957,62,https://www.profootballarchives.com/players/y/yelv00400.html
Garo,Yepremian none,14,1966,1981,177,https://www.profootballarchives.com/players/y/yepr00200.html
Howard,Yerges Ohio State,1,1920,1920,1,https://www.profootballarchives.com/players/y/yerg00200.html
Tom,Yewcic Michigan State,6,1961,1966,77,https://www.profootballarchives.com/players/y/yewc00200.html
John,Yezerski St. Mary's (California),1,1936,1936,9,https://www.profootballarchives.com/players/y/yeze00200.html
Isaac,Yiadom Boston College,8,2018,2024,104,https://www.profootballarchives.com/players/y/yiad00200.html
Todd,Yoder Vanderbilt,9,2000,2009,134,https://www.profootballarchives.com/players/y/yode00200.html
Dave,Yohn Gettysburg,2,1962,1963,18,https://www.profootballarchives.com/players/y/yohn00200.html
Mack,Yoho Miami (Ohio),4,1960,1963,56,https://www.profootballarchives.com/players/y/yoho00200.html
Frank,Yokas none,2,1946,1947,24,https://www.profootballarchives.com/players/y/yoka00200.html
John,Yonakor Notre Dame,6,1946,1952,76,https://www.profootballarchives.com/players/y/yona00200.html
Wally,Yonamine none,1,1947,1947,12,https://www.profootballarchives.com/players/y/yona00400.html
Cade,York Louisiana State,3,2022,2024,23,https://www.profootballarchives.com/players/y/york00220.html
Ashton,Youboty Ohio State,6,2006,2011,49,https://www.profootballarchives.com/players/y/youb00200.html
Jim,Youel Iowa,4,1946,1948,26,https://www.profootballarchives.com/players/y/youe00200.html
Maury,Youmans Syracuse,5,1960,1965,55,https://www.profootballarchives.com/players/y/youm00200.html
Len,Younce Oregon State,6,1941,1948,65,https://www.profootballarchives.com/players/y/youn00200.html
Adrian,Young Southern California,7,1968,1973,52,https://www.profootballarchives.com/players/y/youn00400.html
Al,Young California,1,1926,1926,7,https://www.profootballarchives.com/players/y/youn00600.html
Al,Young South Carolina State,2,1971,1972,15,https://www.profootballarchives.com/players/y/youn00800.html
Albert,Young Iowa,2,2009,2010,10,https://www.profootballarchives.com/players/y/youn00970.html
Almon,Young Bethune-Cookman,1,1987,1987,3,https://www.profootballarchives.com/players/y/youn01000.html
Andre,Young Louisiana Tech,3,1982,1984,36,https://www.profootballarchives.com/players/y/youn01200.html
Anthony,Young Temple,1,1985,1985,14,https://www.profootballarchives.com/players/y/youn01400.html
Ben,Young Texas-Arlington,1,1983,1983,11,https://www.profootballarchives.com/players/y/youn01600.html
Bill,Young Alabama,7,1937,1946,59,https://www.profootballarchives.com/players/y/youn01800.html
Billy,Young Ohio State,1,1929,1929,2,https://www.profootballarchives.com/players/y/youn02000.html
Bob,Young Texas; Texas State; Howard Payne,16,1966,1981,194,https://www.profootballarchives.com/players/y/youn02200.html
Brian,Young Texas-El Paso,9,2000,2008,123,https://www.profootballarchives.com/players/y/youn02270.html
Bryant,Young Notre Dame,14,1994,2007,208,https://www.profootballarchives.com/players/y/youn02300.html
Bryce,Young Alabama,2,2023,2024,30,https://www.profootballarchives.com/players/y/youn02320.html
Buddy,Young Illinois,9,1947,1955,105,https://www.profootballarchives.com/players/y/youn02400.html
Byron,Young Alabama,1,2023,2023,6,https://www.profootballarchives.com/players/y/youn02450.html
Byron,Young Georgia Military JC; Tennessee,2,2023,2024,34,https://www.profootballarchives.com/players/y/youn02451.html
Cameron,Young Mississippi State,2,2023,2024,17,https://www.profootballarchives.com/players/y/youn02510.html
Charle,Young Southern California,13,1973,1985,187,https://www.profootballarchives.com/players/y/youn02600.html
Charley,Young North Carolina State,3,1974,1976,37,https://www.profootballarchives.com/players/y/youn02800.html
Chase,Young Ohio State,6,2020,2024,60,https://www.profootballarchives.com/players/y/youn02830.html
Chris,Young Georgia Tech,2,2003,2004,21,https://www.profootballarchives.com/players/y/youn02850.html
Dareke,Young Lenoir-Rhyne,3,2022,2024,33,https://www.profootballarchives.com/players/y/youn02930.html
Darrel,Young Villanova,6,2010,2015,90,https://www.profootballarchives.com/players/y/youn02950.html
Dave,Young Purdue,3,1981,1984,25,https://www.profootballarchives.com/players/y/youn03000.html
David,Young Georgia Southern,1,2003,2003,5,https://www.profootballarchives.com/players/y/youn03050.html
Dick,Young Tennessee-Chattanooga,3,1955,1957,34,https://www.profootballarchives.com/players/y/youn03200.html
Duane,Young Michigan State,6,1991,1998,73,https://www.profootballarchives.com/players/y/youn03300.html
Floyd,Young Scottsdale CC; Texas A&M-Kingsville,4,1997,2000,36,https://www.profootballarchives.com/players/y/youn03500.html
Fredd,Young New Mexico State,7,1984,1990,101,https://www.profootballarchives.com/players/y/youn03600.html
George,Young Georgia,8,1946,1953,95,https://www.profootballarchives.com/players/y/youn03800.html
Glen,Young Mississippi State,5,1983,1988,58,https://www.profootballarchives.com/players/y/youn04000.html
Glen,Young Syracuse,2,1995,1996,22,https://www.profootballarchives.com/players/y/youn04100.html
Glenn,Young Purdue,1,1956,1956,4,https://www.profootballarchives.com/players/y/youn04200.html
Herm,Young Detroit Mercy,1,1930,1930,3,https://www.profootballarchives.com/players/y/youn04400.html
James,Young Texas Southern,3,1977,1979,34,https://www.profootballarchives.com/players/y/youn04600.html
Jim,Young Queen's,2,1965,1966,6,https://www.profootballarchives.com/players/y/youn04800.html
Joe,Young Marquette; Arizona,2,1960,1961,20,https://www.profootballarchives.com/players/y/youn05000.html
Joe,Young Rutgers,3,2011,2013,36,https://www.profootballarchives.com/players/y/youn05040.html
Kenny,Young UCLA,7,2018,2022,63,https://www.profootballarchives.com/players/y/youn05160.html
Kevin,Young Pasadena CC; Tulane; Utah State,1,1987,1987,1,https://www.profootballarchives.com/players/y/youn05200.html
Landon,Young Kentucky,4,2021,2024,56,https://www.profootballarchives.com/players/y/youn05310.html
Lloyd,Young Macalester; North Dakota,1,1927,1927,1,https://www.profootballarchives.com/players/y/youn05400.html
Lonnie,Young Michigan State,12,1985,1996,147,https://www.profootballarchives.com/players/y/youn05600.html
Lou,Young Georgia Tech,1,2016,2016,6,https://www.profootballarchives.com/players/y/youn05610.html
Michael,Young Illinois,2,2002,2003,22,https://www.profootballarchives.com/players/y/youn05950.html
Mike,Young UCLA,10,1985,1994,114,https://www.profootballarchives.com/players/y/youn06000.html
Mitch,Young Northwest Mississippi CC; Arkansas State,1,1987,1987,1,https://www.profootballarchives.com/players/y/youn06200.html
Paul,Young Oklahoma,1,1933,1933,2,https://www.profootballarchives.com/players/y/youn06400.html
Randy,Young Iowa State,1,1976,1976,9,https://www.profootballarchives.com/players/y/youn06600.html
Renard,Young Los Angeles Southwest JC; Nevada-Las Vegas,1,1987,1987,3,https://www.profootballarchives.com/players/y/youn07000.html
Rickey,Young Jackson State,9,1975,1983,131,https://www.profootballarchives.com/players/y/youn07200.html
Robert,Young Mississippi State,6,1991,1996,78,https://www.profootballarchives.com/players/y/youn07600.html
Rodney,Young Louisiana State,4,1995,1998,33,https://www.profootballarchives.com/players/y/youn07700.html
Roy,Young Texas A&M,1,1938,1938,9,https://www.profootballarchives.com/players/y/youn07800.html
Roynell,Young Alcorn State,9,1980,1988,117,https://www.profootballarchives.com/players/y/youn07900.html
Russ,Young none,1,1925,1925,3,https://www.profootballarchives.com/players/y/youn08000.html
Ryan,Young Kansas State,5,1999,2003,67,https://www.profootballarchives.com/players/y/youn08100.html
Sam,Young Macalester; North Dakota,5,1925,1930,34,https://www.profootballarchives.com/players/y/youn08200.html
Sam,Young Notre Dame,12,2010,2020,103,https://www.profootballarchives.com/players/y/youn08210.html
Scott,Young Dixie State JC; Brigham Young,3,2006,2008,14,https://www.profootballarchives.com/players/y/youn08240.html
Selvin,Young Texas,2,2007,2008,23,https://www.profootballarchives.com/players/y/youn08270.html
Steve,Young Brigham Young,15,1985,1999,169,https://www.profootballarchives.com/players/y/youn08400.html
Steve,Young Colorado,2,1976,1977,27,https://www.profootballarchives.com/players/y/youn08600.html
Tavon,Young Temple,4,2016,2021,50,https://www.profootballarchives.com/players/y/youn08700.html
Theo,Young Arkansas,1,1987,1987,12,https://www.profootballarchives.com/players/y/youn08800.html
Titus,Young Boise State,2,2011,2012,26,https://www.profootballarchives.com/players/y/youn08850.html
Trevon,Young Iowa Western CC; Louisville,1,2018,2018,2,https://www.profootballarchives.com/players/y/youn08940.html
Tyrone,Young Florida,2,1983,1984,32,https://www.profootballarchives.com/players/y/youn09000.html
Usama,Young Kent State,8,2007,2014,99,https://www.profootballarchives.com/players/y/youn09070.html
Vince,Young Texas,6,2006,2011,60,https://www.profootballarchives.com/players/y/youn09150.html
Waddy,Young Oklahoma,2,1939,1940,22,https://www.profootballarchives.com/players/y/youn09200.html
Walter,Young Illinois,2,2003,2006,9,https://www.profootballarchives.com/players/y/youn09250.html
Wilbur,Young William Penn,13,1971,1982,153,https://www.profootballarchives.com/players/y/youn09400.html
Willie,Young Grambling State,10,1966,1975,135,https://www.profootballarchives.com/players/y/youn09600.html
Willie,Young Alcorn State,3,1971,1973,16,https://www.profootballarchives.com/players/y/youn09800.html
Willie,Young North Carolina State,8,2010,2017,98,https://www.profootballarchives.com/players/y/youn09810.html
George,Youngblood Los Angeles State,5,1966,1969,44,https://www.profootballarchives.com/players/y/youn10000.html
Jack,Youngblood Florida,14,1971,1984,202,https://www.profootballarchives.com/players/y/youn10200.html
Jim,Youngblood Tennessee Tech,13,1973,1984,156,https://www.profootballarchives.com/players/y/youn10400.html
Kevin,Youngblood Clemson,1,2006,2006,1,https://www.profootballarchives.com/players/y/youn10430.html
Sid,Youngelman Alabama,9,1955,1963,107,https://www.profootballarchives.com/players/y/youn10600.html
Tank,Younger Grambling State,10,1949,1958,112,https://www.profootballarchives.com/players/y/youn10800.html
Frank,Youngfleish Villanova,2,1926,1927,15,https://www.profootballarchives.com/players/y/youn11000.html
Swede,Youngstrom Dartmouth,10,1920,1927,89,https://www.profootballarchives.com/players/y/youn11200.html
Christian,Yount UCLA,5,2011,2014,60,https://www.profootballarchives.com/players/y/youn11300.html
Mike,Yount Franklin,1,1921,1921,2,https://www.profootballarchives.com/players/y/youn11400.html
Frank,Youso Minnesota,8,1958,1965,92,https://www.profootballarchives.com/players/y/yous00200.html
Dave,Yovanovits Temple,2,2004,2005,6,https://www.profootballarchives.com/players/y/yova00200.html
John,Yovicsin Gettysburg,1,1944,1944,1,https://www.profootballarchives.com/players/y/yovi00200.html
Walt,Yowarsky Kentucky,7,1951,1958,63,https://www.profootballarchives.com/players/y/yowa00200.html
John,Yurchey Duquesne,1,1940,1940,1,https://www.profootballarchives.com/players/y/yurc00200.html
