Name,College,Years_Played,First_Season,Last_Season,Games_Played,Games_Started,Link
Player College,Years,First,Last,GP,GS,0,No Link
Sammy Vacanti,Iowa;,Purdue;,Nebraska,4,1947,1949,https://www.profootballarchives.com/players/v/vaca00200.html
Kenny Vaccaro,Texas,8,2013,2020,110,109,https://www.profootballarchives.com/players/v/vacc00350.html
Ted Vactor,Nebraska,6,1969,1975,69,0,https://www.profootballarchives.com/players/v/vact00200.html
Destiny Vaeao,Washington,State,3,2016,2018,33,https://www.profootballarchives.com/players/v/vaea00200.html
Pete Vainowski,none,1,1926,1926,1,1,https://www.profootballarchives.com/players/v/vain00200.html
Dom Vairo,Notre,Dame,1,1935,1935,1,https://www.profootballarchives.com/players/v/vair00200.html
Halapoulivaati Vaitai,Texas,Christian,7,2016,2023,86,https://www.profootballarchives.com/players/v/vait00200.html
Sione Vaki,Utah,1,2024,2024,16,0,https://www.profootballarchives.com/players/v/vaki00200.html
Vern Valdez,Antelope,Valley,JC;,Cal,Poly,(San,https://www.profootballarchives.com/players/v/vald00200.html
Marquez Valdes-Scantling,North,Carolina,State;,South,Florida,8,https://www.profootballarchives.com/players/v/vald00400.html
Carrington Valentine,Kentucky,2,2023,2024,32,20,https://www.profootballarchives.com/players/v/vale00180.html
Ira Valentine,Texas,A&M,1,1987,1987,7,https://www.profootballarchives.com/players/v/vale00200.html
Vincent Valentine,Nebraska,2,2016,2018,16,2,https://www.profootballarchives.com/players/v/vale00380.html
Zack Valentine,East,Carolina,4,1979,1982,56,https://www.profootballarchives.com/players/v/vale00400.html
Joe Valerio,Pennsylvania,5,1992,1996,62,4,https://www.profootballarchives.com/players/v/vale00600.html
Xazavian Valladay,Wyoming;,Arizona,State,1,2023,2023,https://www.profootballarchives.com/players/v/vall00050.html
Tanner Vallejo,Boise,State,7,2017,2022,82,https://www.profootballarchives.com/players/v/vall00180.html
Hakeem Valles,Monmouth,(New,Jersey),3,2016,2018,https://www.profootballarchives.com/players/v/vall00210.html
Emilio Vallez,New,Mexico,2,1968,1969,9,https://www.profootballarchives.com/players/v/vall00400.html
Steve Vallos,Wake,Forest,7,2008,2013,59,https://www.profootballarchives.com/players/v/vall01000.html
Jeremiah Valoaga,Nevada-Las,Vegas,2,2017,2019,13,https://www.profootballarchives.com/players/v/valo00050.html
Norm Van,Brocklin,Oregon,12,1949,1960,140,https://www.profootballarchives.com/players/v/vanb00200.html
Courtney Van,Buren,Arkansas-Pine,Bluff,2,2003,2004,https://www.profootballarchives.com/players/v/vanb00370.html
Ebert Van,Buren,Louisiana,State,3,1951,1953,https://www.profootballarchives.com/players/v/vanb00400.html
Steve Van,Buren,Louisiana,State,8,1944,1951,https://www.profootballarchives.com/players/v/vanb00600.html
Eric Vance,Vanderbilt,5,1998,2002,35,1,https://www.profootballarchives.com/players/v/vanc00180.html
Joe Vance,Texas,State;,Texas,1,1931,1931,https://www.profootballarchives.com/players/v/vanc00200.html
Ryan Van,Demark,Connecticut,2,2023,2024,26,https://www.profootballarchives.com/players/v/vand00030.html
Kyle Vanden,Bosch,Nebraska,11,2001,2012,152,https://www.profootballarchives.com/players/v/vand00090.html
Matt Vanderbeek,Michigan,State,7,1990,1996,81,https://www.profootballarchives.com/players/v/vand00130.html
Skip Vanderbundt,Oregon,State,10,1969,1978,134,https://www.profootballarchives.com/players/v/vand00200.html
Eddie Vanderdoes,UCLA,2,2017,2019,19,13,https://www.profootballarchives.com/players/v/vand00270.html
Leighton Vander,Esch,Boise,State,6,2018,2023,https://www.profootballarchives.com/players/v/vand00290.html
Mike Vanderjagt,Allan,Hancock,JC;,West,Virginia,9,https://www.profootballarchives.com/players/v/vand00380.html
Ron Vander,Kelen,Wisconsin,5,1963,1967,29,https://www.profootballarchives.com/players/v/vand00400.html
Jason Vander,Laan,Ferris,State,2,2017,2019,https://www.profootballarchives.com/players/v/vand00570.html
George Vanderloo,Iowa,State,1,1921,1921,3,https://www.profootballarchives.com/players/v/vand00600.html
Mark Vander,Poel,Colorado,2,1991,1992,23,https://www.profootballarchives.com/players/v/vand00700.html
Phil Vandersea,Massachusetts,4,1966,1969,46,0,https://www.profootballarchives.com/players/v/vand00800.html
Julian Vandervelde,Iowa,4,2011,2015,18,0,https://www.profootballarchives.com/players/v/vand00850.html
Al Vandeweghe,William,&,Mary,1,1946,1946,https://www.profootballarchives.com/players/v/vand01000.html
Randy Van,Divier,Washington,1,1981,1981,16,https://www.profootballarchives.com/players/v/vand01200.html
Bob Van,Doren,Southern,California,1,1953,1953,https://www.profootballarchives.com/players/v/vand01400.html
Bob Van,Duyne,Idaho,7,1974,1980,88,https://www.profootballarchives.com/players/v/vand01600.html
Alex Van,Dyke,Sacramento,CC;,Nevada-Reno,5,1996,https://www.profootballarchives.com/players/v/vand01700.html
Bruce Van,Dyke,Missouri,11,1966,1976,128,https://www.profootballarchives.com/players/v/vand01800.html
DeMarcus Van,Dyke,Miami,(Florida),3,2011,2013,https://www.profootballarchives.com/players/v/vand01850.html
Jimmy Van,Dyke,none,3,1921,1923,5,https://www.profootballarchives.com/players/v/vand02000.html
Ralph Van,Dyke,Southern,Illinois,1,1987,1987,https://www.profootballarchives.com/players/v/vand02200.html
Chase Van,Dyne,Missouri,1,1925,1925,7,https://www.profootballarchives.com/players/v/vand02400.html
Mark van,Eeghen,Colgate,10,1974,1983,136,https://www.profootballarchives.com/players/v/vane00200.html
Hal Van,Every,Minnesota,2,1940,1941,21,https://www.profootballarchives.com/players/v/vane00400.html
Tim Van,Galder,New,Mexico,Military,Institute,JC;,https://www.profootballarchives.com/players/v/vang00400.html
Andrew Van,Ginkel,South,Dakota;,Iowa,Western,CC;,https://www.profootballarchives.com/players/v/vang00650.html
Billy Van,Heusen,Maryland,9,1968,1976,109,https://www.profootballarchives.com/players/v/vanh00200.html
Charlie Van,Horn,Washington,&,Lee,2,1927,https://www.profootballarchives.com/players/v/vanh00400.html
Doug Van,Horn,Ohio,State,13,1966,1979,https://www.profootballarchives.com/players/v/vanh00600.html
Keith Van,Horne,Southern,California,13,1981,1993,https://www.profootballarchives.com/players/v/vanh00800.html
Sean Vanhorse,Howard,5,1992,1996,70,20,https://www.profootballarchives.com/players/v/vanh01000.html
Cole Van,Lanen,Wisconsin,4,2021,2024,35,https://www.profootballarchives.com/players/v/vanl00100.html
Ed Van,Meter,none,1,1921,1921,2,https://www.profootballarchives.com/players/v/vanm00200.html
Norwood Vann,East,Carolina,5,1984,1988,52,https://www.profootballarchives.com/players/v/vann00400.html
Lukas Van,Ness,Iowa,2,2023,2024,34,https://www.profootballarchives.com/players/v/vann00505.html
Nick Vannett,Ohio,State,11,2016,2024,111,https://www.profootballarchives.com/players/v/vann00540.html
Jeff Van,Note,Kentucky,18,1969,1986,246,https://www.profootballarchives.com/players/v/vann00600.html
Kyle Van,Noy,Brigham,Young,12,2014,2024,https://www.profootballarchives.com/players/v/vann01000.html
Tamarick Vanover,Florida,State,6,1995,2002,77,https://www.profootballarchives.com/players/v/vano00200.html
Vern Vanoy,Kansas,3,1971,1973,20,3,https://www.profootballarchives.com/players/v/vano00400.html
Alex Van,Pelt,Pittsburgh,9,1995,2003,31,https://www.profootballarchives.com/players/v/vanp00200.html
Brad Van,Pelt,Michigan,State,14,1973,1986,https://www.profootballarchives.com/players/v/vanp00400.html
Bradlee Van,Pelt,Michigan,State;,Colorado,State,1,https://www.profootballarchives.com/players/v/vanp00430.html
Sedrick Van,Pran-Granger,Georgia,1,2024,2024,16,https://www.profootballarchives.com/players/v/vanp01200.html
Dick Van,Raaphorst,Ohio,State,3,1964,1967,https://www.profootballarchives.com/players/v/vanr00200.html
Jeff Van,Raaphorst,Arizona,State,1,1987,1987,https://www.profootballarchives.com/players/v/vanr00400.html
Greg Van,Roten,Pennsylvania,10,2012,2024,127,https://www.profootballarchives.com/players/v/vanr01000.html
Clyde Van,Sickle,Arkansas,3,1930,1933,21,https://www.profootballarchives.com/players/v/vans00200.html
Ben VanSumeren,Michigan;,Michigan,State,2,2023,2024,https://www.profootballarchives.com/players/v/vans01150.html
Fred Vant,Hull,Minnesota;,Navy,1,1942,1942,https://www.profootballarchives.com/players/v/vant00200.html
Art Van,Tone,Southern,Mississippi,4,1943,1946,https://www.profootballarchives.com/players/v/vant00400.html
Pete Van,Valkenberg,Brigham,Young,3,1973,1974,https://www.profootballarchives.com/players/v/vanv00200.html
Zach VanValkenburg,Hillsdale;,Iowa,1,2023,2023,9,https://www.profootballarchives.com/players/v/vanv00250.html
Jim Van,Wagner,Michigan,Tech,1,1978,1978,https://www.profootballarchives.com/players/v/vanw00200.html
Fred Vanzo,Northwestern,5,1938,1941,39,33,https://www.profootballarchives.com/players/v/vanz00200.html
Mike Varajon,Toledo,1,1987,1987,3,1,https://www.profootballarchives.com/players/v/vara00200.html
Tommy Vardell,Stanford,8,1992,1999,87,57,https://www.profootballarchives.com/players/v/vard00200.html
Johnny Vardian,none,3,1946,1948,30,14,https://www.profootballarchives.com/players/v/vard00400.html
Tyler Varga,Western,Ontario;,Yale,1,2015,2015,https://www.profootballarchives.com/players/v/varg00100.html
Larry Vargo,Detroit,Mercy,5,1962,1966,57,https://www.profootballarchives.com/players/v/varg00200.html
Frank Varrichione,Notre,Dame,11,1955,1965,133,https://www.profootballarchives.com/players/v/varr00200.html
Mike Varty,Northwestern,2,1974,1975,8,0,https://www.profootballarchives.com/players/v/vart00200.html
Nathan Vasher,Texas,7,2004,2010,87,51,https://www.profootballarchives.com/players/v/vash00200.html
Vic Vasicek,Southern,California;,Texas,2,1949,1950,https://www.profootballarchives.com/players/v/vasi00200.html
Louis Vasquez,Texas,Tech,7,2009,2015,102,https://www.profootballarchives.com/players/v/vasq00550.html
Roy Vassau,St.,Thomas,(Minnesota),1,1923,1923,https://www.profootballarchives.com/players/v/vass00200.html
Arunas Vasys,Notre,Dame,3,1966,1968,22,https://www.profootballarchives.com/players/v/vasy00200.html
Randy Vataha,Golden,West,JC;,Stanford,7,1971,https://www.profootballarchives.com/players/v/vata00200.html
Charlie Vatterott,Texas,State,1,1987,1987,1,https://www.profootballarchives.com/players/v/vatt00200.html
Bob Vaughan,Mississippi,1,1968,1968,1,0,https://www.profootballarchives.com/players/v/vaug00150.html
Harp Vaughan,Indiana,(Pennsylvania),2,1933,1934,19,https://www.profootballarchives.com/players/v/vaug00300.html
Josh Vaughan,Richmond,3,2010,2013,16,0,https://www.profootballarchives.com/players/v/vaug00330.html
Pug Vaughan,Tennessee,2,1935,1936,19,2,https://www.profootballarchives.com/players/v/vaug00400.html
Ruben Vaughan,Colorado,3,1979,1984,27,1,https://www.profootballarchives.com/players/v/vaug00500.html
Bill Vaughn,Southern,Methodist,1,1926,1926,9,https://www.profootballarchives.com/players/v/vaug00600.html
Cassius Vaughn,Mississippi,7,2010,2015,69,23,https://www.profootballarchives.com/players/v/vaug00850.html
Chip Vaughn,Wake,Forest,1,2010,2010,3,https://www.profootballarchives.com/players/v/vaug00900.html
Clarence Vaughn,Northern,Illinois;,Kishwaukee,JC;,Northern,Illinois,https://www.profootballarchives.com/players/v/vaug01000.html
Darrick Vaughn,Texas,State,3,2000,2003,48,https://www.profootballarchives.com/players/v/vaug01120.html
Deuce Vaughn,Kansas,State,2,2023,2024,14,https://www.profootballarchives.com/players/v/vaug01172.html
Jon Vaughn,Michigan,5,1991,1994,61,9,https://www.profootballarchives.com/players/v/vaug01240.html
Ke'Shawn Vaughn,Illinois;,Vanderbilt,5,2020,2024,46,https://www.profootballarchives.com/players/v/vaug01275.html
Khaleed Vaughn,Clemson,1,2004,2004,3,0,https://www.profootballarchives.com/players/v/vaug01280.html
Tommy Vaughn,Iowa,State,7,1965,1971,88,https://www.profootballarchives.com/players/v/vaug01450.html
Teddy Vaught,Texas,Christian,1,1955,1955,2,https://www.profootballarchives.com/players/v/vaug01600.html
James Vaughters,Stanford,3,2019,2021,27,0,https://www.profootballarchives.com/players/v/vaug01800.html
Vita Vea,Washington,7,2018,2024,95,90,https://www.profootballarchives.com/players/v/vea000200.html
Demetrin Veal,Cerritos,JC;,Tennessee,4,2003,2007,https://www.profootballarchives.com/players/v/veal00050.html
Elton Veals,Merritt,JC;,Tulane,1,1984,1984,https://www.profootballarchives.com/players/v/veal00200.html
Craig Veasey,Houston,7,1990,1995,69,5,https://www.profootballarchives.com/players/v/veas00200.html
Jordan Veasy,Faulkner;,Itawamba,CC;,Golden,West,JC;,https://www.profootballarchives.com/players/v/veas00600.html
Norton Vedder,Chicago,1,1927,1927,2,0,https://www.profootballarchives.com/players/v/vedd00200.html
Kaare Vedvik,Marshall,1,2019,2019,1,0,https://www.profootballarchives.com/players/v/vedv00200.html
Jason Vega,Northeastern,1,2013,2013,2,0,https://www.profootballarchives.com/players/v/vega00570.html
David Veikune,Colorado;,Fresno,CC;,Hawaii,2,2009,https://www.profootballarchives.com/players/v/veik00200.html
Alan Veingrad,Texas,A&M-Commerce,6,1986,1992,86,https://www.profootballarchives.com/players/v/vein00200.html
Tony Veland,Nebraska,2,1997,1998,27,5,https://www.profootballarchives.com/players/v/vela00400.html
Fernando Velasco,Georgia,7,2009,2015,83,38,https://www.profootballarchives.com/players/v/vela00800.html
Jared Veldheer,Hillsdale,11,2010,2020,121,114,https://www.profootballarchives.com/players/v/veld00100.html
Matt Veldman,North,Dakota,State,1,2013,2013,https://www.profootballarchives.com/players/v/veld00600.html
Devaughn Vele,Utah,1,2024,2024,13,7,https://www.profootballarchives.com/players/v/vele00100.html
John Vella,Southern,California,8,1972,1980,92,https://www.profootballarchives.com/players/v/vell00400.html
Joe Vellano,Maryland,3,2013,2017,25,9,https://www.profootballarchives.com/players/v/vell00550.html
Jim Vellone,Cerritos,JC;,Southern,California,5,1966,https://www.profootballarchives.com/players/v/vell00800.html
Justin Veltung,Idaho,1,2013,2013,3,0,https://www.profootballarchives.com/players/v/velt00400.html
Winston Venable,Glendale,CC;,Boise,State,1,2011,https://www.profootballarchives.com/players/v/vena00200.html
Ray Ventrone,Villanova,8,2007,2014,97,0,https://www.profootballarchives.com/players/v/vent00110.html
Ross Ventrone,Pittsburgh;,Villanova,3,2011,2015,23,https://www.profootballarchives.com/players/v/vent00120.html
Fred Venturelli,none,1,1948,1948,1,0,https://www.profootballarchives.com/players/v/vent00200.html
Sam Venuto,Guilford,1,1952,1952,2,0,https://www.profootballarchives.com/players/v/venu00400.html
Alijah Vera-Tucker,Southern,California,4,2021,2024,43,https://www.profootballarchives.com/players/v/vera00400.html
Ross Verba,Iowa,8,1997,2006,113,107,https://www.profootballarchives.com/players/v/verb00100.html
Clarence Verdin,Louisiana-Lafayette,9,1986,1994,118,25,https://www.profootballarchives.com/players/v/verd00200.html
Jimmy Verdon,Arizona,State,1,2005,2005,4,https://www.profootballarchives.com/players/v/verd00300.html
Ed Vereb,Maryland,1,1960,1960,9,4,https://www.profootballarchives.com/players/v/vere00200.html
Brock Vereen,Minnesota,2,2014,2015,19,4,https://www.profootballarchives.com/players/v/vere00350.html
Carl Vereen,Georgia,Tech,1,1957,1957,12,https://www.profootballarchives.com/players/v/vere00400.html
Shane Vereen,California,7,2011,2017,79,9,https://www.profootballarchives.com/players/v/vere00550.html
George Vergara,Fordham;,Notre,Dame,1,1925,1925,https://www.profootballarchives.com/players/v/verg00200.html
Chris Verhulst,Chico,State,3,1988,1990,28,https://www.profootballarchives.com/players/v/verh00200.html
Garin Veris,Stanford,7,1985,1992,88,46,https://www.profootballarchives.com/players/v/veri00200.html
Alterraun Verner,UCLA,8,2010,2017,125,72,https://www.profootballarchives.com/players/v/vern00500.html
Olivier Vernon,Miami,(Florida),9,2012,2020,127,https://www.profootballarchives.com/players/v/vern01700.html
Jason Verrett,Santa,Rosa,JC;,Texas,Christian,8,https://www.profootballarchives.com/players/v/verr00050.html
Norm Verry,Southern,California,2,1946,1947,11,https://www.profootballarchives.com/players/v/verr00200.html
Jared Verse,Albany;,Florida,State,1,2024,2024,https://www.profootballarchives.com/players/v/vers00120.html
David Verser,Kansas,6,1981,1987,52,1,https://www.profootballarchives.com/players/v/vers00200.html
Mike Verstegen,Wisconsin,2,1996,1997,22,12,https://www.profootballarchives.com/players/v/vers00400.html
Brian Vertefeuille,Idaho,State,1,1974,1974,14,https://www.profootballarchives.com/players/v/vert00200.html
Billy Vessels,Oklahoma,1,1956,1956,12,8,https://www.profootballarchives.com/players/v/vess00200.html
John Vesser,Idaho,4,1926,1931,27,17,https://www.profootballarchives.com/players/v/vess00400.html
Joe Vetrano,Southern,Mississippi,4,1946,1949,54,https://www.profootballarchives.com/players/v/vetr00200.html
Jack Vetter,McPherson,1,1942,1942,5,0,https://www.profootballarchives.com/players/v/vett00200.html
Roy Vexall,none,1,1924,1924,2,1,https://www.profootballarchives.com/players/v/vexa00200.html
Walt Vezmar,Michigan,State,2,1946,1947,13,https://www.profootballarchives.com/players/v/vezm00200.html
David Viaene,Wisconsin-Superior;,Minnesota-Duluth,3,1989,1992,21,https://www.profootballarchives.com/players/v/viae00200.html
Dick Vick,Washington,&,Jefferson,4,1924,1926,https://www.profootballarchives.com/players/v/vick00200.html
Ernie Vick,Michigan,4,1925,1928,26,17,https://www.profootballarchives.com/players/v/vick00400.html
Marcus Vick,Virginia,Tech,1,2006,2006,1,https://www.profootballarchives.com/players/v/vick00470.html
Michael Vick,Virginia,Tech,13,2001,2015,143,https://www.profootballarchives.com/players/v/vick00500.html
Roger Vick,Texas,A&M,4,1987,1990,58,https://www.profootballarchives.com/players/v/vick00600.html
Kendal Vickers,Tennessee,5,2020,2024,27,2,https://www.profootballarchives.com/players/v/vick00790.html
Kipp Vickers,Miami,(Florida),7,1995,2002,72,https://www.profootballarchives.com/players/v/vick00800.html
Lawrence Vickers,Colorado,7,2006,2012,106,43,https://www.profootballarchives.com/players/v/vick00850.html
Lee Vickers,Calhoun,JC;,North,Alabama,1,2007,https://www.profootballarchives.com/players/v/vick00870.html
Kevin Vickerson,Michigan,State,8,2007,2014,86,https://www.profootballarchives.com/players/v/vick01100.html
Binjimen Victor,Ohio,State,1,2022,2022,1,https://www.profootballarchives.com/players/v/vict00060.html
Josh Victorian,Louisiana,Tech,2,2012,2013,12,https://www.profootballarchives.com/players/v/vict00200.html
Gene Vidal,Nebraska;,South,Dakota;,Army,1,1921,https://www.profootballarchives.com/players/v/vida00200.html
Kimani Vidal,Troy,1,2024,2024,10,0,https://www.profootballarchives.com/players/v/vida00430.html
Vic Vidoni,Duquesne,2,1935,1936,13,10,https://www.profootballarchives.com/players/v/vido00200.html
Nick Vigil,Utah,State,9,2016,2024,114,https://www.profootballarchives.com/players/v/vigi00100.html
Zach Vigil,Utah,State,5,2015,2018,46,https://www.profootballarchives.com/players/v/vigi00200.html
Tommy Vigorito,Virginia,4,1981,1985,35,2,https://www.profootballarchives.com/players/v/vigo00200.html
Luiji Vilain,Michigan;,Wake,Forest,3,2022,2023,https://www.profootballarchives.com/players/v/vila00400.html
Kindle Vildor,Georgia,Southern,6,2020,2024,68,https://www.profootballarchives.com/players/v/vild00200.html
Danny Villa,Arizona,State,12,1987,1998,157,https://www.profootballarchives.com/players/v/vill00200.html
Vince Villanucci,Bowling,Green,State,1,1987,1987,https://www.profootballarchives.com/players/v/vill00600.html
Alejandro Villanueva,Army,7,2015,2021,113,107,https://www.profootballarchives.com/players/v/vill00700.html
Danny Villanueva,Reedley,JC;,New,Mexico,State,8,https://www.profootballarchives.com/players/v/vill00800.html
Phil Villapiano,Bowling,Green,State,13,1971,1983,https://www.profootballarchives.com/players/v/vill01200.html
Chris Villarrial,Indiana,(Pennsylvania),11,1996,2006,155,https://www.profootballarchives.com/players/v/vill01400.html
Jonathan Vilma,Miami,(Florida),10,2004,2013,125,https://www.profootballarchives.com/players/v/vilm00200.html
Theo Viltz,Southern,California,1,1966,1966,14,https://www.profootballarchives.com/players/v/vilt00200.html
Adam Vinatieri,South,Dakota,State,24,1996,2019,https://www.profootballarchives.com/players/v/vina00200.html
Ralph Vince,Washington,&,Jefferson,3,1923,1926,https://www.profootballarchives.com/players/v/vinc00100.html
Kary Vincent,Louisiana,State,1,2021,2021,2,https://www.profootballarchives.com/players/v/vinc00321.html
Keydrick Vincent,Mississippi,10,2001,2010,102,84,https://www.profootballarchives.com/players/v/vinc00330.html
Shawn Vincent,Akron,1,1991,1991,10,1,https://www.profootballarchives.com/players/v/vinc00400.html
Ted Vincent,Wichita,State,3,1978,1980,44,https://www.profootballarchives.com/players/v/vinc00600.html
Troy Vincent,Wisconsin,16,1992,2006,207,200,https://www.profootballarchives.com/players/v/vinc00800.html
Scottie Vines,Eastern,Utah,JC;,Wyoming,2,2004,https://www.profootballarchives.com/players/v/vine00090.html
Darius Vinnett,West,Hills,CC;,Arkansas,1,2007,https://www.profootballarchives.com/players/v/vinn00100.html
Paul Vinnola,Santa,Clara,1,1946,1946,14,https://www.profootballarchives.com/players/v/vinn00200.html
Fernandus Vinson,North,Carolina,State,4,1991,1994,https://www.profootballarchives.com/players/v/vins00200.html
Fred Vinson,Vanderbilt,1,1999,1999,16,1,https://www.profootballarchives.com/players/v/vins00300.html
Tony Vinson,Purdue;,Towson,2,1997,1999,16,https://www.profootballarchives.com/players/v/vins01000.html
Kenny Vinyard,Texas,Tech,1,1970,1970,14,https://www.profootballarchives.com/players/v/viny00200.html
Leo Virant,Dayton,1,1926,1926,1,0,https://www.profootballarchives.com/players/v/vira00200.html
Jalen Virgil,Appalachian,State,2,2022,2024,16,https://www.profootballarchives.com/players/v/virg00080.html
Lawrence Virgil,Valdosta,State,1,2014,2014,1,https://www.profootballarchives.com/players/v/virg00100.html
Dee Virgin,Tennessee-Chattanooga;,West,Alabama,4,2018,2021,https://www.profootballarchives.com/players/v/virg00400.html
Scott Virkus,Purdue;,San,Francisco,CC,5,1983,https://www.profootballarchives.com/players/v/virk00200.html
George Visger,Colorado,1,1980,1980,3,0,https://www.profootballarchives.com/players/v/visg00200.html
Larry Visnic,Belmont,Abbey,JC;,St.,Benedict's,3,https://www.profootballarchives.com/players/v/visn00200.html
Lionel Vital,Nicholls,State,1,1987,1987,3,https://www.profootballarchives.com/players/v/vita00200.html
Danny Vitale,Northwestern,4,2016,2019,44,13,https://www.profootballarchives.com/players/v/vita00250.html
Sandro Vitiello,Nassau,CC;,Massachusetts,1,1980,1980,https://www.profootballarchives.com/players/v/viti00200.html
Tristan Vizcaino,Washington,4,2020,2022,9,0,https://www.profootballarchives.com/players/v/vizc00200.html
Mark Vlasic,Iowa,4,1987,1991,15,4,https://www.profootballarchives.com/players/v/vlas00200.html
David Vobora,Idaho,4,2008,2011,40,16,https://www.profootballarchives.com/players/v/vobo00200.html
Joe Vodicka,none,3,1943,1945,10,3,https://www.profootballarchives.com/players/v/vodi00200.html
Evan Vogds,Wisconsin,4,1946,1949,51,35,https://www.profootballarchives.com/players/v/vogd00200.html
Bob Vogel,Ohio,State,10,1963,1972,139,https://www.profootballarchives.com/players/v/voge00200.html
Justin Vogel,Florida;,Miami,(Florida),1,2017,2017,https://www.profootballarchives.com/players/v/voge00300.html
Paul Vogel,South,Carolina,1,1987,1987,1,https://www.profootballarchives.com/players/v/voge00400.html
Carroll Vogelaar,Loyola,Marymount;,San,Francisco,3,1947,https://www.profootballarchives.com/players/v/voge00600.html
Tim Vogler,Ohio,State,10,1979,1988,117,https://www.profootballarchives.com/players/v/vogl00200.html
Bob Voight,Mount,San,Antonio,JC;,Los,Angeles,https://www.profootballarchives.com/players/v/voig00200.html
Mike Voight,North,Carolina,1,1977,1977,14,https://www.profootballarchives.com/players/v/voig00400.html
Walter Voight,none,3,1920,1921,10,3,https://www.profootballarchives.com/players/v/voig00800.html
Stu Voigt,Wisconsin,11,1970,1980,131,80,https://www.profootballarchives.com/players/v/voig01000.html
Otto Vokaty,Heidelberg,4,1931,1934,19,5,https://www.profootballarchives.com/players/v/voka00200.html
Travis Vokolek,Rutgers;,Nebraska,2,2023,2024,4,https://www.profootballarchives.com/players/v/voko00200.html
Billy Volek,Fresno,State,9,2001,2011,39,https://www.profootballarchives.com/players/v/vole00200.html
Elmer Volgenau,Colgate,1,1924,1924,1,1,https://www.profootballarchives.com/players/v/volg00200.html
Rick Volk,Michigan,12,1967,1978,150,136,https://www.profootballarchives.com/players/v/volk00200.html
Jim Vollenweider,Miami,(Florida),2,1962,1963,27,https://www.profootballarchives.com/players/v/voll00200.html
Kurt Vollers,Notre,Dame,4,2002,2005,30,https://www.profootballarchives.com/players/v/voll00250.html
Sebastian Vollmer,Houston,7,2009,2015,88,80,https://www.profootballarchives.com/players/v/voll00800.html
Bill Volok,Tulsa,6,1934,1939,57,17,https://www.profootballarchives.com/players/v/volo00200.html
Cordell Volson,North,Dakota,State,3,2022,2024,https://www.profootballarchives.com/players/v/vols00100.html
Walter Voltz,1,1921,1921,4,3,0,https://www.profootballarchives.com/players/v/volt00200.html
Pete Volz,Northwestern,1,1920,1920,1,1,https://www.profootballarchives.com/players/v/volz00200.html
Wilbur Volz,Missouri,1,1949,1949,9,0,https://www.profootballarchives.com/players/v/volz00400.html
Scott Von,Der,Ahe,Saddleback,JC;,Iowa;,Arizona,https://www.profootballarchives.com/players/v/vond00200.html
Kimo Von,Oelhoffen,Hawaii;,Walla,Walla,CC;,Boise,https://www.profootballarchives.com/players/v/vono00200.html
Uwe von,Schamann,Oklahoma,6,1979,1984,89,https://www.profootballarchives.com/players/v/vons00200.html
Andy Von,Sonn,UCLA,1,1964,1964,14,https://www.profootballarchives.com/players/v/vons00400.html
Andrew Vorhees,Southern,California,1,2024,2024,15,https://www.profootballarchives.com/players/v/vorh00200.html
Don Vosberg,Marquette,1,1941,1941,7,0,https://www.profootballarchives.com/players/v/vosb00200.html
Lloyd Voss,Nebraska,9,1964,1972,123,84,https://www.profootballarchives.com/players/v/voss00200.html
Tillie Voss,Detroit,Mercy,12,1921,1929,94,https://www.profootballarchives.com/players/v/voss00400.html
Ed Voytek,Purdue,2,1957,1958,24,1,https://www.profootballarchives.com/players/v/voyt00200.html
Mike Vrabel,Ohio,State,14,1997,2010,206,https://www.profootballarchives.com/players/v/vrab00200.html
Tyler Vrabel,Boston,College,1,2023,2023,3,https://www.profootballarchives.com/players/v/vrab00250.html
Milt Vucinich,Stanford,1,1945,1945,3,0,https://www.profootballarchives.com/players/v/vuci00200.html
Jeremy Vujnovich,Louisiana,College,3,2016,2018,23,https://www.profootballarchives.com/players/v/vujn00200.html
