Name,College,Years_Played,First_Season,Last_Season,Games_Played,Games_Started,Link
Josh,Uche Michigan,6,2020,2024,65,https://www.profootballarchives.com/players/u/uche00200.html
Mitch,Ucovich San Jose State,2,1944,1945,10,https://www.profootballarchives.com/players/u/ucov00200.html
Kenechi,Udeze Southern California,4,2004,2007,51,https://www.profootballarchives.com/players/u/udez00200.html
Oli,Udoh Elon,6,2019,2024,60,https://www.profootballarchives.com/players/u/udoh00200.html
Keith,Uecker Auburn,8,1982,1991,85,https://www.profootballarchives.com/players/u/ueck00200.html
Tony,Ugoh Arkansas,4,2007,2011,40,https://www.profootballarchives.com/players/u/ugoh00200.html
Rocky,Uguccioni none,1,1944,1944,10,https://www.profootballarchives.com/players/u/uguc00200.html
Jeff,Uhlenhake Ohio State,9,1989,1997,119,https://www.profootballarchives.com/players/u/uhle00200.html
Steve,Uhrinyak Franklin & Marshall,1,1939,1939,1,https://www.profootballarchives.com/players/u/uhri00200.html
George,Uko Southern California,1,2014,2014,1,https://www.profootballarchives.com/players/u/uko000200.html
Isaac,Ukwu James Madison; Mississippi,1,2024,2024,2,https://www.profootballarchives.com/players/u/ukwu00150.html
Jeff,Ulbrich San Jose State; Gavilan JC; Hawaii,10,2000,2009,120,https://www.profootballarchives.com/players/u/ulbr00200.html
Eddie,Ulinski Marshall,4,1946,1949,54,https://www.profootballarchives.com/players/u/ulin00200.html
Harry,Ulinski Kentucky,6,1950,1956,72,https://www.profootballarchives.com/players/u/ulin00400.html
Jiggs,Ullery Penn State,1,1922,1922,7,https://www.profootballarchives.com/players/u/ulle00200.html
Artie,Ulmer Georgia Southern; Valdosta State,7,1999,2005,90,https://www.profootballarchives.com/players/u/ulme00020.html
Mike,Ulmer Doane,2,1980,1987,4,https://www.profootballarchives.com/players/u/ulme00200.html
Edefuan,Ulofoshio Washington,1,2024,2024,4,https://www.profootballarchives.com/players/u/ulof00200.html
Chuck,Ulrich Illinois,5,1954,1958,54,https://www.profootballarchives.com/players/u/ulri00200.html
Hub,Ulrich Kansas,1,1946,1946,14,https://www.profootballarchives.com/players/u/ulri00400.html
Matt,Ulrich Northwestern,2,2005,2006,10,https://www.profootballarchives.com/players/u/ulri00800.html
Mike,Ulufale San Bernardino Valley JC; Brigham Young,1,1996,1996,3,https://www.profootballarchives.com/players/u/uluf00200.html
Osi,Umenyiora Troy,11,2003,2014,161,https://www.profootballarchives.com/players/u/umen00200.html
Frank,Umont none,3,1943,1945,17,https://www.profootballarchives.com/players/u/umon00200.html
Rich,Umphrey Utah; Colorado,4,1982,1985,45,https://www.profootballarchives.com/players/u/umph00200.html
Mason,Unck Arizona State,4,2003,2006,44,https://www.profootballarchives.com/players/u/unck00200.html
Brandon,Underwood Ohio State; Cincinnati,2,2009,2010,23,https://www.profootballarchives.com/players/u/unde00060.html
Dimitrius,Underwood Michigan State,2,2000,2001,19,https://www.profootballarchives.com/players/u/unde00110.html
Forest,Underwood Davis & Elkins,1,1937,1937,3,https://www.profootballarchives.com/players/u/unde00160.html
Jack,Underwood none,6,1924,1929,33,https://www.profootballarchives.com/players/u/unde00200.html
John,Underwood Rice,1,1923,1923,12,https://www.profootballarchives.com/players/u/unde00400.html
Marviel,Underwood San Diego State,1,2005,2005,16,https://www.profootballarchives.com/players/u/unde00550.html
Olen,Underwood Texas,7,1965,1971,89,https://www.profootballarchives.com/players/u/unde00600.html
Tiquan,Underwood Rutgers,5,2009,2013,45,https://www.profootballarchives.com/players/u/unde01250.html
J.J.,'Unga Mount San Antonio JC; Midwestern State,1,2013,2013,3,https://www.profootballarchives.com/players/u/unga00500.html
Uani',Unga Oregon State; Brigham Young,1,2015,2015,13,https://www.profootballarchives.com/players/u/unga00520.html
Max,Unger Oregon,10,2009,2018,130,https://www.profootballarchives.com/players/u/unge00120.html
Joe,Ungerer Fordham,2,1944,1945,16,https://www.profootballarchives.com/players/u/unge00200.html
Johnny,Unitas Louisville,18,1956,1973,211,https://www.profootballarchives.com/players/u/unit00200.html
Pong,Unitas,1,1921,1921,2,https://www.profootballarchives.com/players/u/unit00400.html
Mitch,Unrein Wyoming,8,2011,2017,95,https://www.profootballarchives.com/players/u/unre00100.html
Terry,Unrein Colorado State,2,1986,1987,21,https://www.profootballarchives.com/players/u/unre00200.html
Morris,Unutoa Brigham Young,7,1996,2002,86,https://www.profootballarchives.com/players/u/unut00200.html
Eric,Unverzagt Wisconsin,2,1996,1997,9,https://www.profootballarchives.com/players/u/unve00200.html
Rick,Upchurch Indian Hills JC; Minnesota,9,1975,1983,119,https://www.profootballarchives.com/players/u/upch00200.html
Tuufuli,Uperesa Wenatchee Valley JC; Montana,1,1971,1971,2,https://www.profootballarchives.com/players/u/uper00200.html
Courtney,Upshaw Alabama,6,2012,2017,90,https://www.profootballarchives.com/players/u/upsh00140.html
Gene,Upshaw Texas A&M-Kingsville,15,1967,1981,217,https://www.profootballarchives.com/players/u/upsh00200.html
Marvin,Upshaw Trinity (Texas),9,1968,1976,99,https://www.profootballarchives.com/players/u/upsh00400.html
Regan,Upshaw California,10,1996,2004,111,https://www.profootballarchives.com/players/u/upsh00600.html
Andy,Uram Minnesota,6,1938,1943,60,https://www.profootballarchives.com/players/u/uram00200.html
Alex,Urban South Carolina,3,1941,1945,11,https://www.profootballarchives.com/players/u/urba00200.html
Brent,Urban Virginia,11,2015,2024,122,https://www.profootballarchives.com/players/u/urba00250.html
Frank,Urban none,1,1926,1926,2,https://www.profootballarchives.com/players/u/urba00400.html
Gasper,Urban Notre Dame,1,1948,1948,14,https://www.profootballarchives.com/players/u/urba00600.html
Jerheme,Urban Trinity (Texas),6,2004,2011,53,https://www.profootballarchives.com/players/u/urba00670.html
Luke,Urban Boston College,3,1921,1923,32,https://www.profootballarchives.com/players/u/urba01000.html
Jim,Urbanek Mississippi,1,1968,1968,8,https://www.profootballarchives.com/players/u/urba01200.html
Kraig,Urbik Wisconsin,7,2010,2016,100,https://www.profootballarchives.com/players/u/urbi00200.html
Scott,Urch Virginia,1,1987,1987,3,https://www.profootballarchives.com/players/u/urch00200.html
Emil,Uremovich Indiana,5,1941,1948,48,https://www.profootballarchives.com/players/u/urem00200.html
Herm,Urenda Pacific,1,1963,1963,2,https://www.profootballarchives.com/players/u/uren00200.html
Brian,Urlacher New Mexico,13,2000,2012,182,https://www.profootballarchives.com/players/u/urla00200.html
John,Urschel Penn State,3,2014,2016,40,https://www.profootballarchives.com/players/u/ursc00200.html
Rube,Ursella none,7,1920,1929,43,https://www.profootballarchives.com/players/u/urse00200.html
John,Ursua Hawaii,1,2019,2019,3,https://www.profootballarchives.com/players/u/ursu00200.html
Darryl,Usher Illinois,2,1989,1989,13,https://www.profootballarchives.com/players/u/ushe00200.html
Eddie,Usher Michigan,5,1921,1924,18,https://www.profootballarchives.com/players/u/ushe00400.html
Lou,Usher Detroit Mercy; Syracuse,9,1920,1926,32,https://www.profootballarchives.com/players/u/ushe00600.html
Ben,Utecht Minnesota,4,2005,2008,51,https://www.profootballarchives.com/players/u/utec00100.html
Mike,Utley Washington State,3,1989,1991,32,https://www.profootballarchives.com/players/u/utle00200.html
Ben,Utt Georgia Tech,8,1982,1989,110,https://www.profootballarchives.com/players/u/utt000200.html
Iheanyi,Uwaezuoke California,6,1996,2000,60,https://www.profootballarchives.com/players/u/uwae00200.html
Eyioma,Uwazurike Iowa State,2,2022,2024,12,https://www.profootballarchives.com/players/u/uwaz00200.html
Walt,Uzdavinis Fordham,1,1937,1937,7,https://www.profootballarchives.com/players/u/uzda00200.html
C.J.,Uzomah Auburn,10,2015,2024,113,https://www.profootballarchives.com/players/u/uzom00200.html
