Name,College,Years_Played,First_Season,Last_Season,Games_Played,Games_Started,Link
Isaako,Aaitui Nevada-Las Vegas,1,2013,2013,4,https://www.profootballarchives.com/players/a/aait00200.html
Israel,Abanikanda Pittsburgh,1,2023,2023,6,https://www.profootballarchives.com/players/a/aban00100.html
Joe,Abbey Texas; North Texas,2,1948,1949,18,https://www.profootballarchives.com/players/a/abbe00150.html
Fay,Abbott Kenyon; Syracuse,9,1921,1929,55,https://www.profootballarchives.com/players/a/abbo00250.html
Vince,Abbott Washington; Fullerton State,2,1987,1988,23,https://www.profootballarchives.com/players/a/abbo00400.html
Jared,Abbrederis Wisconsin,3,2015,2017,22,https://www.profootballarchives.com/players/a/abbr00020.html
Duke,Abbruzzi Rhode Island,1,1946,1946,5,https://www.profootballarchives.com/players/a/abbr00050.html
Mehdi,Abdesmad Boston College,1,2016,2016,2,https://www.profootballarchives.com/players/a/abde00200.html
Karim,Abdul-Jabbar UCLA,6,1996,2000,61,https://www.profootballarchives.com/players/a/abdu00100.html
Ameer,Abdullah Nebraska,12,2015,2024,141,https://www.profootballarchives.com/players/a/abdu00140.html
Hamza,Abdullah Washington State,7,2005,2011,47,https://www.profootballarchives.com/players/a/abdu00150.html
Husain,Abdullah Washington State,7,2008,2015,97,https://www.profootballarchives.com/players/a/abdu00170.html
Khalid,Abdullah Mars Hill,1,2003,2003,16,https://www.profootballarchives.com/players/a/abdu00210.html
Rabih,Abdullah Lehigh,6,1999,2004,83,https://www.profootballarchives.com/players/a/abdu00220.html
Rahim,Abdullah Clemson,2,1999,2000,29,https://www.profootballarchives.com/players/a/abdu00230.html
Yasir,Abdullah Louisville,2,2023,2024,19,https://www.profootballarchives.com/players/a/abdu00235.html
Isa,Abdul-Quddus Fordham,6,2011,2016,89,https://www.profootballarchives.com/players/a/abdu00250.html
Fred,Abel Washington,1,1926,1926,3,https://www.profootballarchives.com/players/a/abel00050.html
Bud,Abell Missouri,3,1966,1968,40,https://www.profootballarchives.com/players/a/abel00250.html
Walter,Abercrombie Baylor,7,1982,1988,84,https://www.profootballarchives.com/players/a/aber00100.html
Micah,Abernathy Tennessee,3,2022,2024,19,https://www.profootballarchives.com/players/a/aber00320.html
Cliff,Aberson none,1,1946,1946,11,https://www.profootballarchives.com/players/a/aber00600.html
Victor,Abiamiri Notre Dame,3,2007,2009,29,https://www.profootballarchives.com/players/a/abia00400.html
Oday,Aboushi Virginia,9,2014,2022,85,https://www.profootballarchives.com/players/a/abou00400.html
Clifton,Abraham Florida State,3,1995,1997,9,https://www.profootballarchives.com/players/a/abra00100.html
Donnie,Abraham East Tennessee State,9,1996,2004,132,https://www.profootballarchives.com/players/a/abra00150.html
John,Abraham South Carolina,15,2000,2014,192,https://www.profootballarchives.com/players/a/abra00180.html
Robert,Abraham North Carolina State,6,1982,1987,73,https://www.profootballarchives.com/players/a/abra00200.html
Johnathan,Abram Georgia; Jones County JC; Mississippi State,8,2019,2024,55,https://www.profootballarchives.com/players/a/abra00450.html
Danny,Abramowicz Xavier (Ohio),9,1967,1974,111,https://www.profootballarchives.com/players/a/abra00500.html
Sid,Abramowitz Air Force; Tulsa,4,1983,1987,22,https://www.profootballarchives.com/players/a/abra00550.html
Bobby,Abrams Michigan,9,1990,1995,74,https://www.profootballarchives.com/players/a/abra00750.html
Delrick,Abrams Independence CC; Colorado,1,2020,2020,3,https://www.profootballarchives.com/players/a/abra00890.html
Kevin,Abrams Syracuse,3,1997,1999,32,https://www.profootballarchives.com/players/a/abra00980.html
Nate,Abrams none,1,1921,1921,1,https://www.profootballarchives.com/players/a/abra01000.html
Kris,Abrams-Draine Missouri,1,2024,2024,5,https://www.profootballarchives.com/players/a/abra01180.html
George,Abramson Minnesota,1,1925,1925,9,https://www.profootballarchives.com/players/a/abra01200.html
Dick,Abrell Purdue,1,1920,1920,5,https://www.profootballarchives.com/players/a/abre00100.html
Ray,Abruzzese Hinds CC; Alabama,5,1962,1966,61,https://www.profootballarchives.com/players/a/abru00050.html
Frank,Abruzzino Colgate,2,1931,1933,23,https://www.profootballarchives.com/players/a/abru00200.html
Dick,Absher Maryland,7,1967,1972,58,https://www.profootballarchives.com/players/a/absh00050.html
De'Von,Achane Texas A&M,2,2023,2024,28,https://www.profootballarchives.com/players/a/acha00200.html
Steve,Ache Coffeyville CC; Triton JC; Missouri State,1,1987,1987,3,https://www.profootballarchives.com/players/a/ache00050.html
George,Achica Southern California,1,1985,1985,4,https://www.profootballarchives.com/players/a/achi00050.html
Walt,Achiu Dayton,2,1927,1928,10,https://www.profootballarchives.com/players/a/achi00200.html
Emmanuel,Acho Texas,2,2013,2014,20,https://www.profootballarchives.com/players/a/acho00050.html
Sam,Acho Texas,9,2011,2019,110,https://www.profootballarchives.com/players/a/acho00100.html
Bill,Acker Texas,6,1980,1987,55,https://www.profootballarchives.com/players/a/acke00050.html
Kenneth,Acker Southern Methodist,3,2015,2017,40,https://www.profootballarchives.com/players/a/acke00055.html
Rick,Ackerman Memphis,5,1982,1987,42,https://www.profootballarchives.com/players/a/acke00250.html
Tom,Ackerman Eastern Washington,8,1996,2003,105,https://www.profootballarchives.com/players/a/acke00400.html
Ron,Acks Illinois,9,1968,1976,105,https://www.profootballarchives.com/players/a/acks00050.html
Fred,Acorn Texas,1,1984,1984,16,https://www.profootballarchives.com/players/a/acor00050.html
Ed,Adamchik Pittsburgh,2,1965,1965,4,https://www.profootballarchives.com/players/a/adam00400.html
Mike,Adamle Northwestern,6,1971,1976,76,https://www.profootballarchives.com/players/a/adam00500.html
Tony,Adamle Ohio State,6,1947,1954,75,https://www.profootballarchives.com/players/a/adam00550.html
Andrew,Adams Connecticut,8,2016,2023,104,https://www.profootballarchives.com/players/a/adam00920.html
Anthony,Adams Penn State,9,2003,2011,121,https://www.profootballarchives.com/players/a/adam00930.html
Bill,Adams Holy Cross,6,1972,1978,46,https://www.profootballarchives.com/players/a/adam01000.html
Blue,Adams Cincinnati,4,2003,2007,50,https://www.profootballarchives.com/players/a/adam01120.html
Bill,Adams San Mateo JC; Pacific,7,1969,1976,82,https://www.profootballarchives.com/players/a/adam01150.html
Brent,Adams Tennessee-Chattanooga,3,1975,1977,41,https://www.profootballarchives.com/players/a/adam01250.html
Charlie,Adams Hofstra,3,2003,2005,24,https://www.profootballarchives.com/players/a/adam01510.html
Chet,Adams Ohio University,10,1939,1950,116,https://www.profootballarchives.com/players/a/adam01550.html
Curtis,Adams Central Michigan,4,1985,1988,27,https://www.profootballarchives.com/players/a/adam01650.html
Darvin,Adams Auburn,1,2011,2011,2,https://www.profootballarchives.com/players/a/adam01680.html
Davante,Adams Fresno State,12,2014,2024,164,https://www.profootballarchives.com/players/a/adam01690.html
David,Adams Arizona,1,1987,1987,3,https://www.profootballarchives.com/players/a/adam01900.html
Doug,Adams Ohio State,4,1971,1974,49,https://www.profootballarchives.com/players/a/adam02250.html
Earnest,Adams Illinois,1,1987,1987,3,https://www.profootballarchives.com/players/a/adam02350.html
Flozell,Adams Michigan State,13,1998,2010,198,https://www.profootballarchives.com/players/a/adam02570.html
Gaines,Adams Clemson,4,2007,2009,47,https://www.profootballarchives.com/players/a/adam02590.html
George,Adams Kentucky,6,1985,1991,76,https://www.profootballarchives.com/players/a/adam02700.html
Hank,Adams Pittsburgh,1,1939,1939,3,https://www.profootballarchives.com/players/a/adam02850.html
Isaiah,Adams Wilfrid Laurier; Garden City CC; Illinois,1,2024,2024,15,https://www.profootballarchives.com/players/a/adam02935.html
Jamal,Adams Louisiana State,9,2017,2024,86,https://www.profootballarchives.com/players/a/adam03090.html
Jamar,Adams Michigan,3,2008,2010,8,https://www.profootballarchives.com/players/a/adam03100.html
Jeff,Adams Columbia,2,2014,2015,4,https://www.profootballarchives.com/players/a/adam03150.html
Jerell,Adams South Carolina,3,2016,2019,30,https://www.profootballarchives.com/players/a/adam03160.html
Joe,Adams Arkansas,1,2012,2012,9,https://www.profootballarchives.com/players/a/adam03351.html
John,Adams UCLA; Santa Monica JC; Los Angeles State,5,1959,1963,64,https://www.profootballarchives.com/players/a/adam03550.html
John,Adams Notre Dame,5,1945,1949,55,https://www.profootballarchives.com/players/a/adam03700.html
Johnny,Adams Michigan State,1,2013,2013,4,https://www.profootballarchives.com/players/a/adam03851.html
Josh,Adams Notre Dame,4,2018,2021,26,https://www.profootballarchives.com/players/a/adam03880.html
Julius,Adams Texas Southern,16,1971,1987,206,https://www.profootballarchives.com/players/a/adam03900.html
Keith,Adams Clemson,8,2001,2007,85,https://www.profootballarchives.com/players/a/adam03930.html
Kris,Adams Texas-El Paso,1,2012,2012,3,https://www.profootballarchives.com/players/a/adam04030.html
Kyle,Adams Purdue,4,2011,2013,29,https://www.profootballarchives.com/players/a/adam04040.html
Matthew,Adams Houston,7,2018,2024,98,https://www.profootballarchives.com/players/a/adam04360.html
Michael,Adams Louisiana-Lafayette,7,2007,2013,80,https://www.profootballarchives.com/players/a/adam04500.html
Mike,Adams Texas,1,1997,1997,6,https://www.profootballarchives.com/players/a/adam04520.html
Mike,Adams Mississippi Delta CC; Arkansas State,3,1987,1989,15,https://www.profootballarchives.com/players/a/adam04550.html
Mike,Adams Delaware,16,2004,2019,228,https://www.profootballarchives.com/players/a/adam04560.html
Mike,Adams Ohio State,4,2012,2016,53,https://www.profootballarchives.com/players/a/adam04561.html
Montravius,Adams Auburn,9,2017,2024,96,https://www.profootballarchives.com/players/a/adam04570.html
Myles,Adams Rice,5,2021,2024,29,https://www.profootballarchives.com/players/a/adam04572.html
O'Neal,Adams Arkansas,5,1942,1947,44,https://www.profootballarchives.com/players/a/adam04600.html
Pete,Adams San Diego CC; Southern California,2,1974,1976,25,https://www.profootballarchives.com/players/a/adam04850.html
Phillip,Adams South Carolina State,7,2010,2015,78,https://www.profootballarchives.com/players/a/adam04870.html
Rodney,Adams Toledo; South Florida,1,2021,2021,1,https://www.profootballarchives.com/players/a/adam05090.html
Sam,Adams Prairie View A&M,10,1972,1981,135,https://www.profootballarchives.com/players/a/adam05350.html
Sam,Adams Texas A&M,14,1994,2007,206,https://www.profootballarchives.com/players/a/adam05370.html
Scott,Adams Georgia,6,1992,1997,58,https://www.profootballarchives.com/players/a/adam05450.html
Stan,Adams Memphis,1,1984,1984,4,https://www.profootballarchives.com/players/a/adam05500.html
Stefon,Adams East Carolina,6,1986,1990,65,https://www.profootballarchives.com/players/a/adam05600.html
Theo,Adams Hawaii,2,1992,1993,17,https://www.profootballarchives.com/players/a/adam05700.html
Titus,Adams Nebraska,1,2009,2009,2,https://www.profootballarchives.com/players/a/adam05770.html
Tom,Adams Minnesota-Duluth,1,1962,1962,6,https://www.profootballarchives.com/players/a/adam05850.html
Tony,Adams Texas; Riverside CC; Utah State,5,1975,1987,53,https://www.profootballarchives.com/players/a/adam06000.html
Tony,Adams Illinois,3,2022,2024,41,https://www.profootballarchives.com/players/a/adam06002.html
Tyrell,Adams West Georgia,7,2016,2021,44,https://www.profootballarchives.com/players/a/adam06010.html
Vashone,Adams Fort Hays State; Butte CC; Eastern Michigan,3,1995,1997,29,https://www.profootballarchives.com/players/a/adam06050.html
Verlin,Adams Charleston,3,1943,1945,23,https://www.profootballarchives.com/players/a/adam06100.html
Willie,Adams New Mexico State,2,1965,1966,28,https://www.profootballarchives.com/players/a/adam06350.html
Willis,Adams Navarro JC; Houston,7,1979,1985,75,https://www.profootballarchives.com/players/a/adam06400.html
Ken,Adamson Notre Dame,3,1960,1962,32,https://www.profootballarchives.com/players/a/adam06600.html
Jahleel,Addae Central Michigan,9,2013,2021,116,https://www.profootballarchives.com/players/a/adda00025.html
Joseph,Addai Louisiana State,6,2006,2011,78,https://www.profootballarchives.com/players/a/adda00050.html
Abe,Addams Indiana,1,1949,1949,1,https://www.profootballarchives.com/players/a/adda00100.html
Herb,Adderley Michigan State,12,1961,1972,164,https://www.profootballarchives.com/players/a/adde00050.html
Nasir,Adderley Delaware,4,2019,2022,50,https://www.profootballarchives.com/players/a/adde00090.html
Tucker,Addington Sam Houston State,4,2022,2024,10,https://www.profootballarchives.com/players/a/addi00060.html
Bralon,Addison Oregon,1,2016,2016,2,https://www.profootballarchives.com/players/a/addi00075.html
Jordan,Addison Pittsburgh; Southern California,2,2023,2024,32,https://www.profootballarchives.com/players/a/addi00155.html
Mario,Addison Northeast Mississippi CC; Troy,15,2011,2022,170,https://www.profootballarchives.com/players/a/addi00230.html
Tommy,Addison South Carolina,8,1960,1967,106,https://www.profootballarchives.com/players/a/addi00300.html
Nick,Adduci Nebraska,2,1954,1955,22,https://www.profootballarchives.com/players/a/addu00050.html
Adetomiwa,Adebawore Northwestern,2,2023,2024,26,https://www.profootballarchives.com/players/a/adeb00190.html
Paulson,Adebo Stanford,4,2021,2024,52,https://www.profootballarchives.com/players/a/adeb00300.html
Quincy,Adeboyejo Mississippi,1,2017,2017,1,https://www.profootballarchives.com/players/a/adeb00400.html
Hakeem,Adeniji Kansas,4,2020,2023,43,https://www.profootballarchives.com/players/a/aden00210.html
Ola,Adeniyi Toledo,5,2018,2022,51,https://www.profootballarchives.com/players/a/aden00400.html
Aaron,Adeoye Ball State; Logan CC; Western Kentucky; Southeast Missouri State,1,2020,2020,1,https://www.profootballarchives.com/players/a/adeo00200.html
Victor,Adeyanju Indiana,4,2006,2009,53,https://www.profootballarchives.com/players/a/adey00200.html
Xavier,Adibi Virginia Tech,5,2008,2012,44,https://www.profootballarchives.com/players/a/adib00400.html
John,Adickes Baylor,3,1987,1989,23,https://www.profootballarchives.com/players/a/adic00050.html
Mark,Adickes Baylor,6,1986,1991,77,https://www.profootballarchives.com/players/a/adic00100.html
Jude,Adjei-Barimah Bowling Green State,2,2015,2016,23,https://www.profootballarchives.com/players/a/adje00400.html
Bob,Adkins Marshall,3,1940,1945,19,https://www.profootballarchives.com/players/a/adki00050.html
Kevin,Adkins Oklahoma,1,1987,1987,2,https://www.profootballarchives.com/players/a/adki00300.html
Margene,Adkins Trinity Valley CC,4,1970,1973,35,https://www.profootballarchives.com/players/a/adki00350.html
Nate,Adkins East Tennessee State; South Carolina,2,2023,2024,27,https://www.profootballarchives.com/players/a/adki00360.html
Sam,Adkins Wichita State,4,1977,1981,11,https://www.profootballarchives.com/players/a/adki00450.html
Spencer,Adkins Miami (Florida),3,2009,2011,24,https://www.profootballarchives.com/players/a/adki00470.html
James,Adkisson Kemper Military JC; South Carolina,1,2006,2006,2,https://www.profootballarchives.com/players/a/adki00700.html
Cal,Adomitis Pittsburgh,3,2022,2024,49,https://www.profootballarchives.com/players/a/adom00100.html
Daniel,Adongo Pretoria,2,2013,2015,5,https://www.profootballarchives.com/players/a/adon00400.html
Al,Afalava Oregon State,3,2009,2012,29,https://www.profootballarchives.com/players/a/afal00020.html
Erik,Affholter Southern California,1,1991,1991,4,https://www.profootballarchives.com/players/a/affh00050.html
Dick,Afflis Purdue; Nevada-Reno,4,1951,1954,48,https://www.profootballarchives.com/players/a/affl00050.html
Ben,Agajanian Compton JC; New Mexico,15,1945,1964,131,https://www.profootballarchives.com/players/a/agaj00050.html
Alex,Agase Illinois; Purdue; Illinois,7,1947,1953,72,https://www.profootballarchives.com/players/a/agas00050.html
Louis,Age Louisiana-Lafayette,1,1992,1992,6,https://www.profootballarchives.com/players/a/age000100.html
Mel,Agee Illinois,5,1991,1995,54,https://www.profootballarchives.com/players/a/agee00150.html
Sam,Agee Vanderbilt,2,1938,1939,21,https://www.profootballarchives.com/players/a/agee00250.html
Tommie,Agee Auburn,7,1988,1994,100,https://www.profootballarchives.com/players/a/agee00350.html
Nelson,Agholor Southern California,10,2015,2024,149,https://www.profootballarchives.com/players/a/agho00200.html
McTelvin,Agim Arkansas,3,2020,2023,18,https://www.profootballarchives.com/players/a/agim00200.html
Bob,Agler Otterbein,2,1948,1949,18,https://www.profootballarchives.com/players/a/agle00150.html
Jamal,Agnew San Diego,7,2017,2023,82,https://www.profootballarchives.com/players/a/agne00130.html
Ray,Agnew North Carolina State,11,1990,2000,157,https://www.profootballarchives.com/players/a/agne00200.html
Ray,Agnew Southern Illinois,1,2014,2014,12,https://www.profootballarchives.com/players/a/agne00201.html
Vince,Agnew Central Michigan,1,2012,2012,4,https://www.profootballarchives.com/players/a/agne00300.html
Roberto,Aguayo Florida State,1,2016,2016,16,https://www.profootballarchives.com/players/a/agua00400.html
Mitchell,Agude Riverside CC; UCLA; Miami (Florida),1,2024,2024,4,https://www.profootballarchives.com/players/a/agud00100.html
Louie,Aguiar Chabot JC; Utah State,10,1991,2000,152,https://www.profootballarchives.com/players/a/agui00050.html
Joe,Aguirre St. Mary's (California),8,1941,1949,83,https://www.profootballarchives.com/players/a/agui00350.html
Chidi,Ahanotu California,13,1993,2004,174,https://www.profootballarchives.com/players/a/ahan00200.html
Dan,Ahern Georgetown (DC),1,1921,1921,3,https://www.profootballarchives.com/players/a/aher00050.html
Ramiz,Ahmed Nevada-Las Vegas; Arizona State; Nevada-Reno,1,2022,2022,1,https://www.profootballarchives.com/players/a/ahme00190.html
Salvon,Ahmed Washington,4,2020,2023,40,https://www.profootballarchives.com/players/a/ahme00195.html
Dave,Ahrens Wisconsin,10,1981,1990,130,https://www.profootballarchives.com/players/a/ahre00200.html
C.J.,Ah You Brigham Young; Snow JC; Oklahoma,3,2009,2011,33,https://www.profootballarchives.com/players/a/ahyo00020.html
Tony,Aiello Youngstown State,2,1944,1944,5,https://www.profootballarchives.com/players/a/aiel00050.html
Danny,Aiken Virginia,5,2011,2015,66,https://www.profootballarchives.com/players/a/aike00050.html
Kamar,Aiken Central Florida,7,2011,2018,71,https://www.profootballarchives.com/players/a/aike00120.html
Sam,Aiken North Carolina,8,2003,2010,94,https://www.profootballarchives.com/players/a/aike00220.html
Carl,Aikens Northern Illinois,1,1987,1987,3,https://www.profootballarchives.com/players/a/aike00300.html
Walt,Aikens Illinois; Liberty,6,2014,2019,93,https://www.profootballarchives.com/players/a/aike00600.html
Troy,Aikman Oklahoma; UCLA,12,1989,2000,165,https://www.profootballarchives.com/players/a/aikm00050.html
Jim,Ailinger Buffalo,1,1924,1924,8,https://www.profootballarchives.com/players/a/aili00050.html
Charlie,Aiu Hawaii,4,1976,1978,33,https://www.profootballarchives.com/players/a/aiu000050.html
Victor,Aiyewa Washington,1,2013,2013,5,https://www.profootballarchives.com/players/a/aiye00200.html
Brandon,Aiyuk Sierra JC; Arizona State,5,2020,2024,69,https://www.profootballarchives.com/players/a/aiyu00200.html
Jay,Ajayi Boise State,6,2015,2019,45,https://www.profootballarchives.com/players/a/ajay00200.html
Seyi,Ajirotutu Fresno State,6,2010,2015,70,https://www.profootballarchives.com/players/a/ajir00200.html
Hakim,Akbar Washington,2,2001,2002,10,https://www.profootballarchives.com/players/a/akba00200.html
Cam,Akers Florida State,7,2020,2024,53,https://www.profootballarchives.com/players/a/aker00060.html
David,Akers Louisville,16,1998,2013,237,https://www.profootballarchives.com/players/a/aker00070.html
Landen,Akers Iowa State,1,2021,2021,2,https://www.profootballarchives.com/players/a/aker00110.html
Samaji,Adi Akili New Mexico Highlands; California,3,1974,1976,28,https://www.profootballarchives.com/players/a/akil00050.html
Harold,Akin Oklahoma State,2,1967,1968,14,https://www.profootballarchives.com/players/a/akin00100.html
Len,Akin Baylor,1,1942,1942,11,https://www.profootballarchives.com/players/a/akin00150.html
Alex,Akingbulu UCLA; Fresno State,1,2023,2023,2,https://www.profootballarchives.com/players/a/akin00263.html
Freedom,Akinmoladun Nebraska,3,2019,2021,5,https://www.profootballarchives.com/players/a/akin00265.html
Al,Akins Washington State; Washington,4,1946,1948,25,https://www.profootballarchives.com/players/a/akin00300.html
Chris,Akins Arkansas; Arkansas-Pine Bluff,7,1999,2003,61,https://www.profootballarchives.com/players/a/akin00340.html
Frank,Akins Washington State,4,1943,1946,31,https://www.profootballarchives.com/players/a/akin00400.html
Jordan,Akins Central Florida,7,2018,2024,107,https://www.profootballarchives.com/players/a/akin00480.html
Mike,Akiu Washington State; Hawaii,2,1985,1986,20,https://www.profootballarchives.com/players/a/akiu00050.html
Anthony,Alabi Navy; Texas Christian,2,2006,2007,16,https://www.profootballarchives.com/players/a/alab00200.html
Otaro,Alaka Texas A&M,1,2020,2020,5,https://www.profootballarchives.com/players/a/alak00200.html
Ikaika,Alama-Francis Hawaii,4,2007,2011,35,https://www.profootballarchives.com/players/a/alam00100.html
Dick,Alban Northwestern,8,1952,1959,95,https://www.profootballarchives.com/players/a/alba00100.html
Mike,Albanese none,1,1925,1925,3,https://www.profootballarchives.com/players/a/alba00280.html
Vannie,Albanese Syracuse,2,1937,1938,19,https://www.profootballarchives.com/players/a/alba00300.html
Tom,Alberghini Holy Cross,1,1945,1945,1,https://www.profootballarchives.com/players/a/albe00050.html
Branden,Albert Virginia,9,2008,2016,120,https://www.profootballarchives.com/players/a/albe00230.html
Frankie,Albert Stanford,7,1946,1952,90,https://www.profootballarchives.com/players/a/albe00350.html
Sergio,Albert Anahuac; U.S. International,1,1974,1974,12,https://www.profootballarchives.com/players/a/albe00550.html
Trev,Alberts Nebraska,3,1994,1996,29,https://www.profootballarchives.com/players/a/albe00830.html
Art,Albrecht Wisconsin,3,1942,1944,14,https://www.profootballarchives.com/players/a/albr00200.html
Ted,Albrecht California,5,1977,1981,77,https://www.profootballarchives.com/players/a/albr00400.html
Alex,Albright Boston College,2,2011,2012,30,https://www.profootballarchives.com/players/a/albr00550.html
Bill,Albright Wisconsin,4,1951,1954,47,https://www.profootballarchives.com/players/a/albr00600.html
Bryson,Albright Miami (Ohio),2,2016,2017,8,https://www.profootballarchives.com/players/a/albr00700.html
Ethan,Albright North Carolina,16,1995,2010,236,https://www.profootballarchives.com/players/a/albr00900.html
Ira,Albright Tyler JC; Northeastern State,1,1987,1987,3,https://www.profootballarchives.com/players/a/albr01000.html
Vince,Albritton Washington,8,1984,1991,86,https://www.profootballarchives.com/players/a/albr01200.html
Zac,Alcorn Chadron State; Black Hills State,1,2006,2006,6,https://www.profootballarchives.com/players/a/alco00600.html
Grady,Alderman Detroit Mercy,15,1960,1974,204,https://www.profootballarchives.com/players/a/alde00150.html
John,Alderton Maryland,1,1953,1953,10,https://www.profootballarchives.com/players/a/alde00450.html
Ki,Aldrich Texas Christian,7,1939,1947,73,https://www.profootballarchives.com/players/a/aldr00250.html
Allen,Aldridge Houston,8,1994,2001,128,https://www.profootballarchives.com/players/a/aldr00330.html
Allen,Ray Aldridge Prairie View A&M,3,1971,1974,35,https://www.profootballarchives.com/players/a/aldr00350.html
Bennie,Aldridge Oklahoma State,5,1950,1953,43,https://www.profootballarchives.com/players/a/aldr00400.html
Jerry,Aldridge Angelo State,1,1980,1980,1,https://www.profootballarchives.com/players/a/aldr00600.html
Kevin,Aldridge Southern Methodist,1,2002,2002,6,https://www.profootballarchives.com/players/a/aldr00630.html
Lionel,Aldridge Utah State,11,1963,1973,147,https://www.profootballarchives.com/players/a/aldr00650.html
Melvin,Aldridge Tyler JC; Murray State,2,1993,1995,3,https://www.profootballarchives.com/players/a/aldr00680.html
Arnold,Ale Notre Dame; UCLA,2,1994,1996,9,https://www.profootballarchives.com/players/a/ale000200.html
Ink,Aleaga Washington,3,1997,1999,26,https://www.profootballarchives.com/players/a/alea00200.html
Keith,Alex Texas A&M,1,1993,1993,14,https://www.profootballarchives.com/players/a/alex00050.html
Steve,Alexakos Arizona State; Diablo Valley JC; San Jose State,2,1970,1971,18,https://www.profootballarchives.com/players/a/alex00100.html
Adonis,Alexander Virginia Tech,1,2018,2018,9,https://www.profootballarchives.com/players/a/alex00170.html
Brent,Alexander Tennessee State,12,1994,2005,192,https://www.profootballarchives.com/players/a/alex00400.html
Bruce,Alexander Stephen F. Austin State,5,1989,1993,44,https://www.profootballarchives.com/players/a/alex00500.html
Charles,Alexander Louisiana State,7,1979,1985,102,https://www.profootballarchives.com/players/a/alex01000.html
Dan,Alexander Louisiana State,13,1977,1989,192,https://www.profootballarchives.com/players/a/alex01200.html
Dan,Alexander Nebraska,3,2001,2003,11,https://www.profootballarchives.com/players/a/alex01220.html
Danario,Alexander Missouri,3,2010,2012,28,https://www.profootballarchives.com/players/a/alex01230.html
David,Alexander Tulsa,9,1987,1996,131,https://www.profootballarchives.com/players/a/alex01400.html
Derrick,Alexander Michigan,9,1994,2002,126,https://www.profootballarchives.com/players/a/alex01500.html
Derrick,Alexander Florida State,5,1995,1999,73,https://www.profootballarchives.com/players/a/alex01550.html
D.J.,Alexander Oregon State,5,2015,2019,61,https://www.profootballarchives.com/players/a/alex01560.html
Doc,Alexander Syracuse,6,1921,1927,39,https://www.profootballarchives.com/players/a/alex01580.html
Dominique,Alexander Oklahoma,2,2016,2017,18,https://www.profootballarchives.com/players/a/alex01590.html
Elijah,Alexander Kansas State,9,1992,2001,123,https://www.profootballarchives.com/players/a/alex01700.html
Eric,Alexander Louisiana State,8,2004,2010,54,https://www.profootballarchives.com/players/a/alex01710.html
Frank,Alexander Oklahoma,3,2012,2014,29,https://www.profootballarchives.com/players/a/alex01730.html
Gerald,Alexander Boise State,7,2007,2011,44,https://www.profootballarchives.com/players/a/alex01760.html
Glenn,Alexander Grambling State,1,1970,1970,13,https://www.profootballarchives.com/players/a/alex01800.html
Harold,Alexander Appalachian State,2,1993,1994,31,https://www.profootballarchives.com/players/a/alex01850.html
Jaire,Alexander Louisville,7,2018,2024,77,https://www.profootballarchives.com/players/a/alex01945.html
Jeff,Alexander Tulane; Southern University,2,1989,1992,21,https://www.profootballarchives.com/players/a/alex01960.html
John,Alexander Rutgers; Fordham,2,1922,1926,17,https://www.profootballarchives.com/players/a/alex02100.html
John,Alexander Rutgers,2,1977,1978,12,https://www.profootballarchives.com/players/a/alex02200.html
Kermit,Alexander UCLA,11,1963,1973,143,https://www.profootballarchives.com/players/a/alex02400.html
Kevin,Alexander Clemson,1,2010,2010,8,https://www.profootballarchives.com/players/a/alex02420.html
Kevin,Alexander Glendale CC; Utah State,2,1996,1997,18,https://www.profootballarchives.com/players/a/alex02430.html
Kwon,Alexander Louisiana State,12,2015,2024,110,https://www.profootballarchives.com/players/a/alex02440.html
Lorenzo,Alexander California,13,2007,2019,191,https://www.profootballarchives.com/players/a/alex02460.html
Mackensie,Alexander Clemson,7,2016,2022,85,https://www.profootballarchives.com/players/a/alex02465.html
Maurice,Alexander Florida International,2,2022,2024,7,https://www.profootballarchives.com/players/a/alex02473.html
Mike,Alexander Nassau CC; Penn State,2,1989,1991,19,https://www.profootballarchives.com/players/a/alex02500.html
Mister,Alexander Florida State,2,2011,2012,14,https://www.profootballarchives.com/players/a/alex02515.html
Mo,Alexander Arizona Western JC; Utah State,6,2014,2019,57,https://www.profootballarchives.com/players/a/alex02518.html
Patrise,Alexander Louisiana-Lafayette,3,1996,1998,33,https://www.profootballarchives.com/players/a/alex02570.html
P.J.,Alexander Syracuse,3,2004,2007,20,https://www.profootballarchives.com/players/a/alex02620.html
Ray,Alexander Florida A&M,3,1984,1989,26,https://www.profootballarchives.com/players/a/alex02630.html
Robert,Alexander West Virginia,2,1982,1983,24,https://www.profootballarchives.com/players/a/alex02800.html
Roc,Alexander Washington,3,2004,2006,27,https://www.profootballarchives.com/players/a/alex02850.html
Rogers,Alexander Penn State,2,1986,1987,4,https://www.profootballarchives.com/players/a/alex02950.html
Rufus,Alexander Oklahoma,1,2008,2008,1,https://www.profootballarchives.com/players/a/alex02980.html
Shaun,Alexander Alabama,9,2000,2008,123,https://www.profootballarchives.com/players/a/alex03010.html
Stephen,Alexander Oklahoma,9,1998,2006,118,https://www.profootballarchives.com/players/a/alex03020.html
Vadal,Alexander Louisiana State,2,2016,2017,24,https://www.profootballarchives.com/players/a/alex03140.html
Vincent,Alexander Southern Mississippi,1,1987,1987,1,https://www.profootballarchives.com/players/a/alex03200.html
Willie,Alexander Alcorn State,9,1971,1979,122,https://www.profootballarchives.com/players/a/alex03400.html
Alton,Alexis Tulane,1,1980,1980,1,https://www.profootballarchives.com/players/a/alex03600.html
Rich,Alexis Washington,3,2005,2007,4,https://www.profootballarchives.com/players/a/alex03650.html
Ted,Alflen Springfield,1,1969,1969,4,https://www.profootballarchives.com/players/a/alfl00200.html
Julie,Alfonse Minnesota,2,1937,1938,20,https://www.profootballarchives.com/players/a/alfo00200.html
Brian,Alford Purdue,2,1998,1999,4,https://www.profootballarchives.com/players/a/alfo00380.html
Bruce,Alford Texas Christian,6,1946,1951,74,https://www.profootballarchives.com/players/a/alfo00400.html
Bruce,Alford Texas Christian,3,1967,1969,27,https://www.profootballarchives.com/players/a/alfo00600.html
Darnell,Alford Boston College,3,2000,2002,5,https://www.profootballarchives.com/players/a/alfo00670.html
Dee,Alford Tusculum,3,2022,2024,48,https://www.profootballarchives.com/players/a/alfo00720.html
Gene,Alford Daniel Baker; Texas Tech; Sul Ross State,5,1931,1934,37,https://www.profootballarchives.com/players/a/alfo00800.html
Jay,Alford Penn State,3,2007,2010,36,https://www.profootballarchives.com/players/a/alfo00950.html
Lynwood,Alford Coffeyville CC; Syracuse,1,1987,1987,1,https://www.profootballarchives.com/players/a/alfo01200.html
Mario,Alford Georgia Military JC; West Virginia,2,2015,2016,4,https://www.profootballarchives.com/players/a/alfo01300.html
Mike,Alford Auburn,2,1965,1966,25,https://www.profootballarchives.com/players/a/alfo01400.html
Robert,Alford Southeastern Louisiana,7,2013,2021,101,https://www.profootballarchives.com/players/a/alfo01850.html
Warren,Alfson Nebraska,1,1941,1941,11,https://www.profootballarchives.com/players/a/alfs00200.html
Charles,Ali Arkansas-Pine Bluff,2,2007,2008,28,https://www.profootballarchives.com/players/a/ali000150.html
Josh,Ali Kentucky,1,2022,2022,2,https://www.profootballarchives.com/players/a/ali000180.html
Rasheen,Ali Marshall,1,2024,2024,6,https://www.profootballarchives.com/players/a/ali000400.html
Mo,Alie-Cox Virginia Commonwealth,7,2018,2024,108,https://www.profootballarchives.com/players/a/alie00200.html
Tuineau,Alipate Washington State,2,1994,1995,24,https://www.profootballarchives.com/players/a/alip00200.html
Erick,All Michigan; Iowa,1,2024,2024,9,https://www.profootballarchives.com/players/a/all000200.html
Don,Allard Boston College,2,1961,1962,5,https://www.profootballarchives.com/players/a/alla00200.html
Raul,Allegre Montana; Texas,10,1983,1991,92,https://www.profootballarchives.com/players/a/alle00200.html
Nick,Allegretti Illinois,6,2019,2024,91,https://www.profootballarchives.com/players/a/alle00205.html
Andy,Alleman Pittsburgh; Akron,2,2008,2009,24,https://www.profootballarchives.com/players/a/alle00210.html
Anthony,Allen Washington,5,1985,1989,45,https://www.profootballarchives.com/players/a/alle00400.html
Anthony,Allen Louisville; Georgia Tech,2,2011,2012,21,https://www.profootballarchives.com/players/a/alle00610.html
Antonio,Allen South Carolina,4,2012,2016,50,https://www.profootballarchives.com/players/a/alle00650.html
Armando,Allen Notre Dame,2,2011,2012,17,https://www.profootballarchives.com/players/a/alle00780.html
Asher,Allen Georgia,3,2009,2011,36,https://www.profootballarchives.com/players/a/alle00810.html
Beau,Allen Wisconsin,6,2014,2019,90,https://www.profootballarchives.com/players/a/alle00875.html
Braelon,Allen Wisconsin,1,2024,2024,17,https://www.profootballarchives.com/players/a/alle00944.html
Brandon,Allen Arkansas,5,2019,2024,18,https://www.profootballarchives.com/players/a/alle00945.html
Brevin,Allen Campbell,1,2023,2023,2,https://www.profootballarchives.com/players/a/alle00947.html
Brian,Allen Stanford,1,2003,2003,4,https://www.profootballarchives.com/players/a/alle00950.html
Brian,Allen Florida State,4,2001,2004,47,https://www.profootballarchives.com/players/a/alle00970.html
Brian,Allen Utah,4,2017,2021,19,https://www.profootballarchives.com/players/a/alle00971.html
Brian,Allen Michigan State,5,2018,2023,50,https://www.profootballarchives.com/players/a/alle00981.html
Buddy,Allen Oakland JC; Utah State,1,1961,1961,1,https://www.profootballarchives.com/players/a/alle01000.html
Carl,Allen Ouachita Baptist; Oklahoma City,1,1948,1948,14,https://www.profootballarchives.com/players/a/alle01200.html
Carl,Allen Southern Mississippi,6,1977,1982,79,https://www.profootballarchives.com/players/a/alle01400.html
Chase,Allen Southern Illinois,2,2017,2018,21,https://www.profootballarchives.com/players/a/alle01700.html
Chase,Allen Iowa State,1,2022,2022,1,https://www.profootballarchives.com/players/a/alle01701.html
Chuck,Allen Washington,12,1961,1972,144,https://www.profootballarchives.com/players/a/alle01800.html
Cortez,Allen The Citadel,5,2011,2015,56,https://www.profootballarchives.com/players/a/alle01870.html
Dakota,Allen Texas Tech; East Mississippi CC; Texas Tech,6,2019,2022,38,https://www.profootballarchives.com/players/a/alle01940.html
Dalva,Allen Houston,5,1960,1964,70,https://www.profootballarchives.com/players/a/alle02000.html
David,Allen Kansas State,3,2003,2005,23,https://www.profootballarchives.com/players/a/alle02070.html
Davis,Allen Clemson,2,2023,2024,30,https://www.profootballarchives.com/players/a/alle02072.html
Derek,Allen Illinois,1,1995,1995,1,https://www.profootballarchives.com/players/a/alle02110.html
Devon,Allen Oregon,1,2023,2023,2,https://www.profootballarchives.com/players/a/alle02117.html
Don,Allen Texas,1,1960,1960,12,https://www.profootballarchives.com/players/a/alle02200.html
Doug,Allen Penn State,2,1974,1975,28,https://www.profootballarchives.com/players/a/alle02400.html
Duane,Allen Mount San Antonio JC; Santa Ana JC,7,1961,1967,49,https://www.profootballarchives.com/players/a/alle02600.html
Dwayne,Allen Clemson,7,2012,2018,86,https://www.profootballarchives.com/players/a/alle02650.html
Earl,Allen Michigan; Houston,1,1987,1987,1,https://www.profootballarchives.com/players/a/alle02800.html
Ed,Allen Creighton,1,1928,1928,2,https://www.profootballarchives.com/players/a/alle03000.html
Eddie,Allen Pennsylvania,1,1947,1947,9,https://www.profootballarchives.com/players/a/alle03200.html
Egypt,Allen Texas Christian,1,1987,1987,6,https://www.profootballarchives.com/players/a/alle03400.html
Eric,Allen Arizona State,14,1988,2001,217,https://www.profootballarchives.com/players/a/alle03600.html
Ermal,Allen Kentucky,1,1947,1947,13,https://www.profootballarchives.com/players/a/alle03800.html
Gary,Allen Hawaii,4,1982,1984,30,https://www.profootballarchives.com/players/a/alle04000.html
George,Allen West Texas A&M,1,1966,1966,9,https://www.profootballarchives.com/players/a/alle04200.html
Gerry,Allen Nebraska-Omaha,4,1966,1969,28,https://www.profootballarchives.com/players/a/alle04300.html
Grady,Allen Texas A&M,5,1968,1972,59,https://www.profootballarchives.com/players/a/alle04400.html
Greg,Allen Florida State,2,1985,1986,9,https://www.profootballarchives.com/players/a/alle04600.html
Harvey,Allen Nevada-Las Vegas,1,1987,1987,2,https://www.profootballarchives.com/players/a/alle04800.html
Ian,Allen Purdue,4,2002,2005,25,https://www.profootballarchives.com/players/a/alle04970.html
Jackie,Allen Baylor,4,1969,1972,34,https://www.profootballarchives.com/players/a/alle05000.html
Jake,Allen Southwest Mississippi CC; Mississippi College,2,2009,2009,3,https://www.profootballarchives.com/players/a/alle05100.html
James,Allen Oklahoma,5,1998,2002,66,https://www.profootballarchives.com/players/a/alle05150.html
James,Allen Oregon State,4,2002,2005,48,https://www.profootballarchives.com/players/a/alle05170.html
Jared,Allen Idaho State,13,2004,2015,187,https://www.profootballarchives.com/players/a/alle05180.html
Jason,Allen Tennessee,8,2006,2012,98,https://www.profootballarchives.com/players/a/alle05250.html
Javorius,Allen Southern California,5,2015,2019,64,https://www.profootballarchives.com/players/a/alle05260.html
Jeff,Allen Central (Iowa); Iowa State,1,1971,1971,1,https://www.profootballarchives.com/players/a/alle05300.html
Jeff,Allen UC Davis,2,1980,1982,25,https://www.profootballarchives.com/players/a/alle05400.html
Jeff,Allen Illinois,8,2012,2019,84,https://www.profootballarchives.com/players/a/alle05401.html
Jimmy,Allen Los Angeles Pierce JC; UCLA,8,1974,1981,110,https://www.profootballarchives.com/players/a/alle05800.html
Johnny,Allen Purdue,4,1955,1958,48,https://www.profootballarchives.com/players/a/alle06000.html
Jonathan,Allen Alabama,8,2017,2024,109,https://www.profootballarchives.com/players/a/alle06075.html
Josh,Allen Louisiana-Monroe,1,2014,2014,3,https://www.profootballarchives.com/players/a/alle06081.html
Josh,Allen Reedley JC; Wyoming,7,2018,2024,111,https://www.profootballarchives.com/players/a/alle06082.html
Josh,Allen Kentucky,6,2019,2024,90,https://www.profootballarchives.com/players/a/alle06083.html
Keenan,Allen California,12,2013,2024,154,https://www.profootballarchives.com/players/a/alle06130.html
Kenderick,Allen Louisiana State,4,2003,2006,31,https://www.profootballarchives.com/players/a/alle06170.html
Kevin,Allen Indiana,1,1985,1985,16,https://www.profootballarchives.com/players/a/alle06200.html
Kyle,Allen Texas A&M; Houston,7,2018,2024,31,https://www.profootballarchives.com/players/a/alle06270.html
Larry,Allen Butte CC; Sonoma State,14,1994,2007,203,https://www.profootballarchives.com/players/a/alle06300.html
Lou,Allen Duke,2,1950,1951,24,https://www.profootballarchives.com/players/a/alle06400.html
Marcus,Allen Southern California,16,1982,1997,222,https://www.profootballarchives.com/players/a/alle06600.html
Marcus,Allen Penn State,5,2018,2022,48,https://www.profootballarchives.com/players/a/alle06601.html
Marvin,Allen Tyler JC; Tulane,4,1988,1991,37,https://www.profootballarchives.com/players/a/alle06800.html
Matt,Allen Troy,1,2002,2002,14,https://www.profootballarchives.com/players/a/alle06820.html
Nate,Allen Texas Southern,10,1971,1979,108,https://www.profootballarchives.com/players/a/alle07200.html
Nate,Allen South Florida,8,2010,2017,100,https://www.profootballarchives.com/players/a/alle07250.html
Patrick,Allen Utah State,7,1984,1990,106,https://www.profootballarchives.com/players/a/alle07400.html
RaShaun,Allen Southern University,1,2014,2014,1,https://www.profootballarchives.com/players/a/alle07555.html
Ricardo,Allen Purdue,7,2015,2021,91,https://www.profootballarchives.com/players/a/alle07585.html
Roger,Allen Missouri Western State,2,2009,2012,6,https://www.profootballarchives.com/players/a/alle07630.html
Russell,Allen San Diego State,5,2009,2013,78,https://www.profootballarchives.com/players/a/alle07660.html
Ryan,Allen Oregon State; Louisiana Tech,9,2013,2020,107,https://www.profootballarchives.com/players/a/alle07665.html
Taje,Allen Texas,6,1997,2002,79,https://www.profootballarchives.com/players/a/alle07700.html
Terry,Allen Clemson,10,1991,2001,130,https://www.profootballarchives.com/players/a/alle07730.html
Tremayne,Allen Florida,1,1997,1997,2,https://www.profootballarchives.com/players/a/alle07760.html
Will,Allen Syracuse,10,2001,2011,140,https://www.profootballarchives.com/players/a/alle07820.html
Will,Allen Ohio State,13,2004,2015,176,https://www.profootballarchives.com/players/a/alle07830.html
Zach,Allen Boston College,6,2019,2024,78,https://www.profootballarchives.com/players/a/alle07856.html
Kurt,Allerman Penn State,9,1977,1985,125,https://www.profootballarchives.com/players/a/alle07900.html
Ty,Allert Texas,7,1986,1990,51,https://www.profootballarchives.com/players/a/alle08000.html
Don,Alley Adams State,2,1967,1969,18,https://www.profootballarchives.com/players/a/alle08200.html
Tyler,Allgeier Brigham Young,3,2022,2024,50,https://www.profootballarchives.com/players/a/allg00220.html
Aundrae,Allison Coffeyville CC; Georgia Military JC; East Carolina,2,2007,2008,26,https://www.profootballarchives.com/players/a/alli00070.html
Geronimo,Allison Iowa Western CC; Illinois,5,2016,2021,49,https://www.profootballarchives.com/players/a/alli00190.html
Hank,Allison Sequoias JC; San Diego State,6,1971,1977,55,https://www.profootballarchives.com/players/a/alli00200.html
Jim,Allison El Camino JC; San Diego State,4,1965,1968,43,https://www.profootballarchives.com/players/a/alli00400.html
Neely,Allison Texas A&M,3,1926,1928,24,https://www.profootballarchives.com/players/a/alli00600.html
Buddy,Alliston Mississippi,1,1960,1960,11,https://www.profootballarchives.com/players/a/alli00800.html
Bob,Allmann Michigan State,1,1936,1936,1,https://www.profootballarchives.com/players/a/allm00650.html
Brian,Allred Allan Hancock JC; Sacramento State,1,1993,1993,4,https://www.profootballarchives.com/players/a/allr00200.html
Colin,Allred Baylor,4,2007,2010,32,https://www.profootballarchives.com/players/a/allr00250.html
John,Allred Southern California,5,1997,2002,53,https://www.profootballarchives.com/players/a/allr00300.html
Joe,Allton Oklahoma,1,1942,1942,10,https://www.profootballarchives.com/players/a/allt00200.html
Jeff,Alm Notre Dame,4,1990,1993,44,https://www.profootballarchives.com/players/a/alm000200.html
Beau,Almodobar Norwich,1,1987,1987,2,https://www.profootballarchives.com/players/a/almo00200.html
Kiko,Alonso Oregon,6,2013,2019,86,https://www.profootballarchives.com/players/a/alon00300.html
Gerald,Alphin Kansas State,2,1990,1991,16,https://www.profootballarchives.com/players/a/alph00200.html
Azeez,Al-Shaair Florida Atlantic,6,2019,2024,85,https://www.profootballarchives.com/players/a/alsh00200.html
Jon,Alston Stanford,4,2006,2009,39,https://www.profootballarchives.com/players/a/alst00180.html
Lyneal,Alston Southern Mississippi,1,1987,1987,3,https://www.profootballarchives.com/players/a/alst00200.html
Mack,Alston Maryland-Eastern Shore,11,1970,1980,145,https://www.profootballarchives.com/players/a/alst00400.html
O'Brien,Alston Maryland,2,1988,1989,19,https://www.profootballarchives.com/players/a/alst00600.html
Richard,Alston East Carolina,1,2004,2004,9,https://www.profootballarchives.com/players/a/alst00650.html
Mike,Alstott Purdue,11,1996,2006,158,https://www.profootballarchives.com/players/a/alst00800.html
Joe,Alt Notre Dame,1,2024,2024,16,https://www.profootballarchives.com/players/a/alt000100.html
John,Alt Iowa,13,1984,1996,179,https://www.profootballarchives.com/players/a/alt000200.html
Jim,Althoff Winona State,1,1987,1987,4,https://www.profootballarchives.com/players/a/alth00200.html
Tyson,Alualu California,14,2010,2023,193,https://www.profootballarchives.com/players/a/alua00200.html
Auzoyah,Alufohai Kennesaw State; West Georgia,1,2020,2020,3,https://www.profootballarchives.com/players/a/aluf00200.html
Wilson,Alvarez New Mexico Military Institute JC; Sequoias JC; Southeastern Louisiana,1,1981,1981,4,https://www.profootballarchives.com/players/a/alva00200.html
Steve,Alvers Taft JC; Miami (Florida),2,1981,1982,19,https://www.profootballarchives.com/players/a/alve00200.html
Steve,Alvord Washington,2,1987,1988,27,https://www.profootballarchives.com/players/a/alvo00200.html
Tom,Alward Nebraska,1,1976,1976,14,https://www.profootballarchives.com/players/a/alwa00200.html
Lance,Alworth Arkansas,11,1962,1972,137,https://www.profootballarchives.com/players/a/alwo00200.html
Lyle,Alzado Yankton,15,1971,1985,196,https://www.profootballarchives.com/players/a/alza00200.html
Ugo,Amadi Oregon,7,2019,2024,78,https://www.profootballarchives.com/players/a/amad00400.html
Eugene,Amano Southeast Missouri State,8,2004,2011,124,https://www.profootballarchives.com/players/a/aman00200.html
Jace,Amaro Texas Tech,2,2014,2016,17,https://www.profootballarchives.com/players/a/amar00400.html
Ken,Amato Moorpark JC; Montana State,9,2003,2011,125,https://www.profootballarchives.com/players/a/amat00650.html
Jonathon,Amaya Nevada-Reno,3,2010,2012,38,https://www.profootballarchives.com/players/a/amay00400.html
John,Amberg Kansas,2,1951,1952,24,https://www.profootballarchives.com/players/a/ambe00200.html
Ashley,Ambrose Mississippi Valley State,13,1992,2004,192,https://www.profootballarchives.com/players/a/ambr00100.html
Dick,Ambrose Virginia,9,1975,1983,116,https://www.profootballarchives.com/players/a/ambr00200.html
John,Ambrose Catholic,1,1932,1932,5,https://www.profootballarchives.com/players/a/ambr00370.html
Walt,Ambrose Carroll (Wisconsin),1,1930,1930,1,https://www.profootballarchives.com/players/a/ambr00800.html
Alan,Ameche Wisconsin,6,1955,1960,70,https://www.profootballarchives.com/players/a/amec00200.html
Kiran,Amegadjie Yale,1,2024,2024,6,https://www.profootballarchives.com/players/a/ameg00200.html
Danny,Amendola Texas Tech,13,2009,2021,163,https://www.profootballarchives.com/players/a/amen00500.html
David,Amerson North Carolina State,7,2013,2018,74,https://www.profootballarchives.com/players/a/amer00190.html
Glen,Amerson Texas Tech,1,1961,1961,14,https://www.profootballarchives.com/players/a/amer00200.html
Dave,Ames Richmond,2,1961,1961,12,https://www.profootballarchives.com/players/a/ames00200.html
Otis,Amey Sacramento State,1,2005,2005,11,https://www.profootballarchives.com/players/a/amey00100.html
Vince,Amey Arizona State,1,1998,1998,4,https://www.profootballarchives.com/players/a/amey00200.html
Dick,Amman Florida State,2,1972,1973,28,https://www.profootballarchives.com/players/a/amma00200.html
Matt,Ammendola Oklahoma State,4,2021,2023,20,https://www.profootballarchives.com/players/a/amme00200.html
Adrian,Amos Penn State,11,2015,2024,143,https://www.profootballarchives.com/players/a/amos00100.html
Marty,Amsler Indiana; Evansville,4,1967,1970,37,https://www.profootballarchives.com/players/a/amsl00200.html
Joe,Amstutz Indiana,1,1957,1957,12,https://www.profootballarchives.com/players/a/amst00200.html
Prince,Amukamara Nebraska,9,2011,2019,113,https://www.profootballarchives.com/players/a/amuk00200.html
Norm,Amundsen Wisconsin,1,1957,1957,12,https://www.profootballarchives.com/players/a/amun00200.html
George,Amundson Iowa State,3,1973,1975,29,https://www.profootballarchives.com/players/a/amun00400.html
Bradlee,Anae Utah,2,2020,2021,11,https://www.profootballarchives.com/players/a/anae00210.html
Vito,Ananis Boston College,1,1945,1945,1,https://www.profootballarchives.com/players/a/anan00200.html
Tremayne,Anchrum Clemson,3,2020,2023,31,https://www.profootballarchives.com/players/a/anch00400.html
Rudy,Andabaker Pittsburgh,2,1952,1954,9,https://www.profootballarchives.com/players/a/anda00200.html
Kimble,Anders Houston,10,1991,2000,125,https://www.profootballarchives.com/players/a/ande00100.html
Jason,Andersen Brigham Young,3,1999,2002,19,https://www.profootballarchives.com/players/a/ande00190.html
Morten,Andersen Michigan State,25,1982,2007,382,https://www.profootballarchives.com/players/a/ande00200.html
Stan,Andersen Stanford,3,1940,1941,22,https://www.profootballarchives.com/players/a/ande00400.html
Troy,Andersen Montana State,3,2022,2024,26,https://www.profootballarchives.com/players/a/ande00420.html
Anderson,,1,1922,1922,1,https://www.profootballarchives.com/players/a/ande00600.html
Abdullah,Anderson Bucknell,6,2019,2024,37,https://www.profootballarchives.com/players/a/ande00768.html
Alec,Anderson UCLA,1,2024,2024,17,https://www.profootballarchives.com/players/a/ande00797.html
Alex,Anderson Boston College; Georgetown (DC),1,1921,1921,1,https://www.profootballarchives.com/players/a/ande00800.html
Alfred,Anderson Baylor,8,1984,1991,108,https://www.profootballarchives.com/players/a/ande01000.html
Andre,Anderson Tulane,1,2010,2010,2,https://www.profootballarchives.com/players/a/ande01070.html
Anthony,Anderson Temple,2,1979,1980,32,https://www.profootballarchives.com/players/a/ande01200.html
Anthony,Anderson Grambling State,1,1987,1987,3,https://www.profootballarchives.com/players/a/ande01400.html
Antonio,Anderson Syracuse,2,1997,1998,21,https://www.profootballarchives.com/players/a/ande01500.html
Aric,Anderson Millikin,1,1987,1987,3,https://www.profootballarchives.com/players/a/ande01600.html
Art,Anderson Idaho,3,1961,1963,41,https://www.profootballarchives.com/players/a/ande01800.html
Bennie,Anderson Tennessee State,6,2001,2006,81,https://www.profootballarchives.com/players/a/ande01850.html
Bill,Anderson West Liberty; West Virginia,1,1945,1945,5,https://www.profootballarchives.com/players/a/ande02000.html
Bill,Anderson Tennessee,8,1958,1966,98,https://www.profootballarchives.com/players/a/ande02200.html
Billy,Anderson Compton JC,2,1953,1954,19,https://www.profootballarchives.com/players/a/ande02400.html
Billy,Guy Anderson Navarro JC; Tulsa,1,1967,1967,8,https://www.profootballarchives.com/players/a/ande02600.html
Bob,Anderson Army,1,1963,1963,1,https://www.profootballarchives.com/players/a/ande02800.html
Bobby,Anderson Colorado,6,1970,1975,54,https://www.profootballarchives.com/players/a/ande03000.html
Brad,Anderson Arizona,2,1984,1985,27,https://www.profootballarchives.com/players/a/ande03200.html
Brandon,Anderson Akron,1,2009,2009,3,https://www.profootballarchives.com/players/a/ande03260.html
Bruce,Anderson Willamette,5,1966,1970,59,https://www.profootballarchives.com/players/a/ande03400.html
Bryan,Anderson Pittsburgh,1,2004,2004,4,https://www.profootballarchives.com/players/a/ande03450.html
Calvin,Anderson Rice; Texas,5,2020,2024,50,https://www.profootballarchives.com/players/a/ande03490.html
Charlie,Anderson Louisiana Tech,1,1956,1956,2,https://www.profootballarchives.com/players/a/ande03600.html
Charlie,Anderson Mississippi,7,2004,2010,94,https://www.profootballarchives.com/players/a/ande03710.html
Chet,Anderson Minnesota,1,1967,1967,14,https://www.profootballarchives.com/players/a/ande03800.html
C.J.,Anderson Laney JC; California,8,2013,2019,71,https://www.profootballarchives.com/players/a/ande03950.html
Cliff,Anderson Indiana,3,1952,1953,21,https://www.profootballarchives.com/players/a/ande04000.html
Colt,Anderson Montana,8,2010,2017,84,https://www.profootballarchives.com/players/a/ande04100.html
Courtney,Anderson Contra Costa JC; San Jose State,5,2004,2007,43,https://www.profootballarchives.com/players/a/ande04130.html
Curtis,Anderson Central State (Ohio),1,1979,1979,6,https://www.profootballarchives.com/players/a/ande04200.html
Curtis,Anderson Pittsburgh,1,1997,1997,9,https://www.profootballarchives.com/players/a/ande04220.html
Damien,Anderson Northwestern,4,2002,2005,35,https://www.profootballarchives.com/players/a/ande04250.html
Darren,Anderson Toledo,8,1992,1998,74,https://www.profootballarchives.com/players/a/ande04300.html
David,Anderson Colorado State,7,2006,2011,67,https://www.profootballarchives.com/players/a/ande04350.html
Deon,Anderson Connecticut,4,2007,2010,39,https://www.profootballarchives.com/players/a/ande04420.html
Derek,Anderson Oregon State,13,2006,2018,78,https://www.profootballarchives.com/players/a/ande04450.html
Dick,Anderson Ohio State,1,1967,1967,2,https://www.profootballarchives.com/players/a/ande04500.html
Dick,Anderson Colorado,9,1968,1977,121,https://www.profootballarchives.com/players/a/ande04600.html
Don,Anderson Purdue,2,1985,1987,16,https://www.profootballarchives.com/players/a/ande04800.html
Donny,Anderson Texas Tech,9,1966,1974,126,https://www.profootballarchives.com/players/a/ande05000.html
Dunstan,Anderson Tulsa,2,1994,1997,10,https://www.profootballarchives.com/players/a/ande05100.html
Dwayne,Anderson Southern Methodist,1,1987,1987,1,https://www.profootballarchives.com/players/a/ande05200.html
Dwight,Anderson Arizona Western JC; South Dakota,2,2004,2005,15,https://www.profootballarchives.com/players/a/ande05250.html
Eddie,Anderson Notre Dame,6,1922,1926,53,https://www.profootballarchives.com/players/a/ande05400.html
Eddie,Anderson Fort Valley State,12,1986,1997,159,https://www.profootballarchives.com/players/a/ande05600.html
Erick,Anderson Michigan,2,1993,1994,10,https://www.profootballarchives.com/players/a/ande05700.html
Evan,Anderson Florida Atlantic,1,2024,2024,12,https://www.profootballarchives.com/players/a/ande05900.html
Ezzrett,Anderson Kentucky State,1,1947,1947,14,https://www.profootballarchives.com/players/a/ande06000.html
Flipper,Anderson UCLA,10,1988,1997,114,https://www.profootballarchives.com/players/a/ande06100.html
Fred,Anderson Oregon State; Prairie View A&M,4,1978,1982,38,https://www.profootballarchives.com/players/a/ande06200.html
Gary,Anderson Stanford,4,1977,1980,21,https://www.profootballarchives.com/players/a/ande06400.html
Gary,Anderson Arkansas,9,1985,1993,111,https://www.profootballarchives.com/players/a/ande06600.html
Gary,Anderson Syracuse,23,1982,2004,353,https://www.profootballarchives.com/players/a/ande06800.html
Henry,Anderson Stanford,8,2015,2022,89,https://www.profootballarchives.com/players/a/ande07291.html
Herbie,Anderson Texas A&M-Kingsville,1,1991,1991,1,https://www.profootballarchives.com/players/a/ande07300.html
Hunk,Anderson Notre Dame,5,1922,1925,38,https://www.profootballarchives.com/players/a/ande07400.html
Jack,Anderson Texas Tech,3,2021,2023,15,https://www.profootballarchives.com/players/a/ande07451.html
Jamaal,Anderson Arkansas,6,2007,2012,77,https://www.profootballarchives.com/players/a/ande07490.html
Jamal,Anderson Moorpark JC; Utah,8,1994,2001,88,https://www.profootballarchives.com/players/a/ande07500.html
James,Anderson Virginia Tech,10,2006,2015,123,https://www.profootballarchives.com/players/a/ande07510.html
Jason,Anderson Antelope Valley JC; South Dakota,1,2005,2005,1,https://www.profootballarchives.com/players/a/ande07530.html
Jerry,Anderson Northeastern Oklahoma A&M JC; Oklahoma,2,1977,1978,16,https://www.profootballarchives.com/players/a/ande07600.html
Jesse,Anderson Mississippi State,5,1990,1993,35,https://www.profootballarchives.com/players/a/ande07650.html
Joe,Anderson Texas Southern,2,2012,2013,9,https://www.profootballarchives.com/players/a/ande07795.html
John,Anderson Michigan,12,1978,1989,146,https://www.profootballarchives.com/players/a/ande07800.html
Jonathan,Anderson Texas Christian,3,2015,2017,31,https://www.profootballarchives.com/players/a/ande07951.html
Justin,Anderson Louisiana-Lafayette,1,2014,2014,2,https://www.profootballarchives.com/players/a/ande07954.html
Ken,Anderson Augustana (Illinois),16,1971,1986,192,https://www.profootballarchives.com/players/a/ande08000.html
Ken,Anderson Arkansas,1,1999,1999,2,https://www.profootballarchives.com/players/a/ande08020.html
Kim,Anderson Pasadena CC; Arizona State,5,1980,1984,56,https://www.profootballarchives.com/players/a/ande08200.html
Larry,Anderson Louisiana Tech,7,1978,1984,82,https://www.profootballarchives.com/players/a/ande08400.html
Liam,Anderson Holy Cross,2,2023,2024,4,https://www.profootballarchives.com/players/a/ande08520.html
Marcus,Anderson Tulane,1,1981,1981,12,https://www.profootballarchives.com/players/a/ande08600.html
Mark,Anderson Alabama,8,2006,2012,98,https://www.profootballarchives.com/players/a/ande08710.html
Marques,Anderson UCLA,5,2002,2005,54,https://www.profootballarchives.com/players/a/ande08750.html
Max,Anderson Trinity Valley CC; Arizona State,2,1968,1969,25,https://www.profootballarchives.com/players/a/ande08800.html
Mel,Anderson Minnesota,1,1987,1987,2,https://www.profootballarchives.com/players/a/ande09000.html
Mike,Anderson Mount San Jacinto JC; Utah,7,2000,2007,98,https://www.profootballarchives.com/players/a/ande09080.html
Neal,Anderson Florida,8,1986,1993,116,https://www.profootballarchives.com/players/a/ande09200.html
Ockie,Anderson Colgate,3,1920,1922,24,https://www.profootballarchives.com/players/a/ande09400.html
Ottis,Anderson Miami (Florida),15,1979,1992,182,https://www.profootballarchives.com/players/a/ande09600.html
Paul,Anderson Illinois,1,1925,1925,1,https://www.profootballarchives.com/players/a/ande09800.html
Preston,Anderson Rice,1,1974,1974,14,https://www.profootballarchives.com/players/a/ande10000.html
Pud,Anderson Carleton,1,1922,1922,2,https://www.profootballarchives.com/players/a/ande10070.html
Ralph,Anderson Santa Monica JC; Los Angeles State,2,1958,1960,22,https://www.profootballarchives.com/players/a/ande10200.html
Ralph,Anderson West Texas A&M,3,1971,1973,34,https://www.profootballarchives.com/players/a/ande10400.html
Rashard,Anderson Jackson State,2,2000,2001,27,https://www.profootballarchives.com/players/a/ande10420.html
Richie,Anderson Penn State,12,1993,2004,161,https://www.profootballarchives.com/players/a/ande10500.html
Rickey,Anderson South Carolina State,1,1978,1978,16,https://www.profootballarchives.com/players/a/ande10600.html
Roger,Anderson Virginia Union,4,1964,1968,37,https://www.profootballarchives.com/players/a/ande10800.html
Ronnie,Anderson Allegheny,1,1998,1998,4,https://www.profootballarchives.com/players/a/ande10930.html
Ryan,Anderson Alabama,5,2017,2022,57,https://www.profootballarchives.com/players/a/ande10960.html
Ryder,Anderson Mississippi; Indiana,1,2022,2022,7,https://www.profootballarchives.com/players/a/ande10965.html
Scott,Anderson Missouri,2,1974,1976,7,https://www.profootballarchives.com/players/a/ande11000.html
Scotty,Anderson Grambling State,3,2001,2003,34,https://www.profootballarchives.com/players/a/ande11030.html
Spencer,Anderson Maryland,2,2023,2024,25,https://www.profootballarchives.com/players/a/ande11057.html
Stephen,Anderson California,7,2016,2023,80,https://www.profootballarchives.com/players/a/ande11060.html
Stevie,Anderson Grambling State,3,1994,1996,23,https://www.profootballarchives.com/players/a/ande11100.html
Stuart,Anderson Virginia,5,1982,1985,40,https://www.profootballarchives.com/players/a/ande11200.html
Taz,Anderson Georgia Tech,6,1961,1967,62,https://www.profootballarchives.com/players/a/ande11400.html
Terry,Anderson Bethune-Cookman,4,1977,1980,29,https://www.profootballarchives.com/players/a/ande11600.html
Tim,Anderson Ohio State,2,1975,1976,15,https://www.profootballarchives.com/players/a/ande11800.html
Tim,Anderson Ohio State,5,2004,2007,43,https://www.profootballarchives.com/players/a/ande11810.html
Tycen,Anderson Toledo,2,2023,2024,24,https://www.profootballarchives.com/players/a/ande11975.html
Vickey,Ray Anderson Oklahoma,1,1980,1980,7,https://www.profootballarchives.com/players/a/ande12000.html
Vince,Anderson Nicholls State; Webber International,1,2010,2010,3,https://www.profootballarchives.com/players/a/ande12050.html
Warren,Anderson West Virginia State,2,1977,1978,10,https://www.profootballarchives.com/players/a/ande12200.html
Will,Anderson Syracuse,2,1923,1924,3,https://www.profootballarchives.com/players/a/ande12400.html
Will,Anderson Alabama,2,2023,2024,29,https://www.profootballarchives.com/players/a/ande12401.html
Willie,Anderson Auburn,13,1996,2008,195,https://www.profootballarchives.com/players/a/ande12700.html
Winnie,Anderson Colgate,1,1936,1936,5,https://www.profootballarchives.com/players/a/ande12800.html
Zaire,Anderson Riverside CC; Nebraska,2,2016,2017,32,https://www.profootballarchives.com/players/a/ande12955.html
Zayne,Anderson Brigham Young,4,2021,2024,33,https://www.profootballarchives.com/players/a/ande12960.html
Eric,Andolsek Louisiana State,4,1988,1991,61,https://www.profootballarchives.com/players/a/ando00200.html
Steve,Andrako Ohio State,1,1940,1940,5,https://www.profootballarchives.com/players/a/andr00200.html
Joe,Andreessen Bryant; Buffalo,1,2024,2024,13,https://www.profootballarchives.com/players/a/andr00540.html
Troy,Andrew Duke,1,2001,2001,8,https://www.profootballarchives.com/players/a/andr00730.html
Al,Andrews New Mexico State,2,1970,1971,22,https://www.profootballarchives.com/players/a/andr00800.html
Antonio,Andrews Western Kentucky,3,2014,2016,34,https://www.profootballarchives.com/players/a/andr00910.html
Billy,Andrews Southeastern Louisiana,11,1967,1977,142,https://www.profootballarchives.com/players/a/andr01000.html
David,Andrews Georgia,9,2015,2024,124,https://www.profootballarchives.com/players/a/andr01131.html
George,Andrews Nebraska,6,1979,1984,80,https://www.profootballarchives.com/players/a/andr01200.html
Jake,Andrews Troy,1,2023,2023,16,https://www.profootballarchives.com/players/a/andr01350.html
J.B.,Andrews Texas-El Paso,1,1934,1934,3,https://www.profootballarchives.com/players/a/andr01400.html
John,Andrews Indiana,3,1972,1974,23,https://www.profootballarchives.com/players/a/andr01600.html
John,Andrews Morgan State,2,1975,1976,28,https://www.profootballarchives.com/players/a/andr01800.html
Josh,Andrews Oregon State,7,2015,2022,48,https://www.profootballarchives.com/players/a/andr01840.html
Roy,Andrew Pittsburg State,5,1923,1927,30,https://www.profootballarchives.com/players/a/andr01880.html
Mark,Andrews Oklahoma,7,2018,2024,105,https://www.profootballarchives.com/players/a/andr01890.html
Mitch,Andrews Louisiana State,1,1987,1987,8,https://www.profootballarchives.com/players/a/andr02000.html
Ricky,Andrews Washington,1,1990,1990,15,https://www.profootballarchives.com/players/a/andr02100.html
Shawn,Andrews Arkansas,6,2004,2010,63,https://www.profootballarchives.com/players/a/andr02350.html
Stacy,Andrews Mississippi,8,2004,2011,94,https://www.profootballarchives.com/players/a/andr02370.html
Tom,Andrews Louisville,3,1984,1987,23,https://www.profootballarchives.com/players/a/andr02400.html
William,Andrews Auburn,6,1979,1986,87,https://www.profootballarchives.com/players/a/andr02600.html
Willie,Andrews Baylor,2,2006,2007,30,https://www.profootballarchives.com/players/a/andr02620.html
George,Andrie Marquette,11,1962,1972,141,https://www.profootballarchives.com/players/a/andr02800.html
Plato,Andros Oklahoma,4,1947,1950,46,https://www.profootballarchives.com/players/a/andr03000.html
Teddy,Andrulewicz Villanova,1,1930,1930,9,https://www.profootballarchives.com/players/a/andr03200.html
Lou,Andrus Brigham Young,1,1967,1967,8,https://www.profootballarchives.com/players/a/andr03400.html
Shane,Andrus Kentucky; Murray State,4,2009,2010,7,https://www.profootballarchives.com/players/a/andr03570.html
Sheldon,Andrus Nicholls State,2,1986,1987,4,https://www.profootballarchives.com/players/a/andr03600.html
Sig,Andrusking Detroit Mercy,1,1937,1937,7,https://www.profootballarchives.com/players/a/andr04000.html
Zenon,Andrusyshyn UCLA,1,1978,1978,16,https://www.profootballarchives.com/players/a/andr04200.html
Joe,Andruzzi Southern Connecticut State,9,1998,2006,122,https://www.profootballarchives.com/players/a/andr04300.html
Charlie,Ane Compton JC; Southern California,7,1953,1959,83,https://www.profootballarchives.com/players/a/ane000200.html
Charlie,Ane Michigan State,7,1975,1981,105,https://www.profootballarchives.com/players/a/ane000400.html
Mark,Anelli Wisconsin,1,2002,2002,2,https://www.profootballarchives.com/players/a/anel00200.html
Jim,Angelo Indiana (Pennsylvania),1,1987,1987,1,https://www.profootballarchives.com/players/a/ange00200.html
Bryan,Anger California,13,2012,2024,210,https://www.profootballarchives.com/players/a/ange00450.html
Pat,Angerer Iowa,4,2010,2013,54,https://www.profootballarchives.com/players/a/ange00500.html
Elmer,Angsman Notre Dame,7,1946,1952,83,https://www.profootballarchives.com/players/a/angs00200.html
Richard,Angulo Western New Mexico,4,2003,2008,27,https://www.profootballarchives.com/players/a/angu00200.html
Eli,Ankou UCLA,8,2017,2024,36,https://www.profootballarchives.com/players/a/anko00200.html
Jason,Ankrah Nebraska,1,2014,2014,2,https://www.profootballarchives.com/players/a/ankr00100.html
Scott,Ankrom Texas Christian,1,1989,1989,10,https://www.profootballarchives.com/players/a/ankr00200.html
Dunc,Annan Brown; Chicago,8,1920,1926,39,https://www.profootballarchives.com/players/a/anna00200.html
Blake,Annen Cincinnati,1,2014,2014,5,https://www.profootballarchives.com/players/a/anne00050.html
Sam,Anno Southern California,8,1987,1993,102,https://www.profootballarchives.com/players/a/anno00200.html
Ziggy,Ansah Brigham Young,8,2013,2020,93,https://www.profootballarchives.com/players/a/ansa00200.html
Charles,Anthony Southern California,1,1974,1974,13,https://www.profootballarchives.com/players/a/anth00200.html
Cornelius,Anthony Texas A&M,2,2002,2003,17,https://www.profootballarchives.com/players/a/anth00220.html
Daijahn,Anthony Shepherd; Liberty; Mississippi,1,2024,2024,14,https://www.profootballarchives.com/players/a/anth00237.html
Reidel,Anthony Florida,5,1997,2001,73,https://www.profootballarchives.com/players/a/anth00390.html
Stephone,Anthony Clemson,5,2015,2019,62,https://www.profootballarchives.com/players/a/anth00450.html
Terrence,Anthony Iowa State,1,1987,1987,1,https://www.profootballarchives.com/players/a/anth00600.html
Terry,Anthony Florida State,2,1990,1991,10,https://www.profootballarchives.com/players/a/anth00700.html
Tyrone,Anthony North Carolina,2,1984,1985,31,https://www.profootballarchives.com/players/a/anth00800.html
Lionel,Antoine Southern Illinois,6,1972,1978,68,https://www.profootballarchives.com/players/a/anto00200.html
Glenn,Antrum Connecticut,1,1989,1989,1,https://www.profootballarchives.com/players/a/antr00200.html
Houston,Antwine Southern Illinois,12,1961,1972,151,https://www.profootballarchives.com/players/a/antw00200.html
Felix,Anudike-Uzomah Kansas State,2,2023,2024,34,https://www.profootballarchives.com/players/a/anud00200.html
Kenny,Anunike Duke,1,2015,2015,3,https://www.profootballarchives.com/players/a/anun00100.html
Chigozie,Anusiem California; Colorado State,1,2024,2024,1,https://www.profootballarchives.com/players/a/anus00200.html
Alex,Anzalone Florida,8,2017,2024,94,https://www.profootballarchives.com/players/a/anza00100.html
Steve,Apke Pittsburgh,1,1987,1987,3,https://www.profootballarchives.com/players/a/apke00200.html
Troy,Apke Penn State,5,2018,2022,52,https://www.profootballarchives.com/players/a/apke00400.html
Chuck,Apolskis DePaul,2,1938,1939,2,https://www.profootballarchives.com/players/a/apol00200.html
Ray,Apolskis Marquette,8,1941,1950,75,https://www.profootballarchives.com/players/a/apol00400.html
Eli,Apple Ohio State,10,2016,2024,102,https://www.profootballarchives.com/players/a/appl00100.html
Jim,Apple Upsala,1,1961,1961,3,https://www.profootballarchives.com/players/a/appl00200.html
Clarence,Applegran Illinois,1,1920,1920,2,https://www.profootballarchives.com/players/a/appl00400.html
Scott,Appleton Texas,5,1964,1968,70,https://www.profootballarchives.com/players/a/appl00600.html
Antwan,Applewhite San Diego State,5,2008,2012,48,https://www.profootballarchives.com/players/a/appl00770.html
Marger,Apsit Southern California,4,1931,1933,20,https://www.profootballarchives.com/players/a/apsi00200.html
Ben,Apuna Mesa CC; Arizona State,1,1980,1980,10,https://www.profootballarchives.com/players/a/apun00200.html
Leo,Araguz Stephen F. Austin State,7,1996,2005,60,https://www.profootballarchives.com/players/a/arag00200.html
Matt,Araiza San Diego State,1,2024,2024,17,https://www.profootballarchives.com/players/a/arai00200.html
Evan,Arapostathis Grossmont JC; Eastern Illinois,1,1986,1986,5,https://www.profootballarchives.com/players/a/arap00200.html
Fred,Arbanas Michigan State,9,1962,1970,118,https://www.profootballarchives.com/players/a/arba00200.html
Hasson,Arbubakrr Pasadena CC; Texas Tech,2,1983,1984,20,https://www.profootballarchives.com/players/a/arbu00200.html
Charles,Arbuckle UCLA,4,1992,1995,42,https://www.profootballarchives.com/players/a/arbu00400.html
J.J.,Arcega-Whiteside Stanford,3,2019,2021,40,https://www.profootballarchives.com/players/a/arce00100.html
Emmanuel,Arceneaux Alcorn State,1,2011,2011,3,https://www.profootballarchives.com/players/a/arce00400.html
Lester,Archambeau Stanford,11,1990,2000,147,https://www.profootballarchives.com/players/a/arch00100.html
Brandon,Archer Kansas State,1,2007,2007,6,https://www.profootballarchives.com/players/a/arch00190.html
Dan,Archer Oregon,2,1967,1968,22,https://www.profootballarchives.com/players/a/arch00200.html
David,Archer Snow JC; Iowa State,6,1984,1989,55,https://www.profootballarchives.com/players/a/arch00400.html
Dri,Archer Kent State,2,2014,2015,20,https://www.profootballarchives.com/players/a/arch00410.html
Troy,Archer Rio Hondo JC; Colorado,3,1976,1978,38,https://www.profootballarchives.com/players/a/arch00600.html
Ben,Archibald Brigham Young,1,2005,2005,5,https://www.profootballarchives.com/players/a/arch00620.html
Daniel,Archibong Temple,1,2021,2021,2,https://www.profootballarchives.com/players/a/arch00655.html
Mike,Archie Penn State,3,1996,1998,23,https://www.profootballarchives.com/players/a/arch00710.html
Julie,Archoska Syracuse,1,1930,1930,4,https://www.profootballarchives.com/players/a/arch00800.html
Adam,Archuleta Arizona State,7,2001,2007,103,https://www.profootballarchives.com/players/a/arch01000.html
A.J.,Arcuri Michigan State,2,2022,2024,10,https://www.profootballarchives.com/players/a/arcu00400.html
Billy,Ard Wake Forest,11,1981,1991,148,https://www.profootballarchives.com/players/a/ard000200.html
Tony,Ardizzone Northwestern,1,1979,1979,16,https://www.profootballarchives.com/players/a/ardi00200.html
Tony,Arena Michigan State,1,1942,1942,1,https://www.profootballarchives.com/players/a/aren00200.html
Javier,Arenas Alabama,5,2010,2014,69,https://www.profootballarchives.com/players/a/aren00370.html
Joe,Arenas Nebraska-Omaha,7,1951,1957,83,https://www.profootballarchives.com/players/a/aren00400.html
Arnie,Arenz St. Louis,1,1934,1934,4,https://www.profootballarchives.com/players/a/aren00600.html
Bob,Argus none,6,1920,1925,26,https://www.profootballarchives.com/players/a/argu00200.html
David,Ariail Auburn,2,1934,1934,3,https://www.profootballarchives.com/players/a/aria00200.html
Jake,Arians Alabama-Birmingham,1,2001,2001,10,https://www.profootballarchives.com/players/a/aria00500.html
Mike,Ariey San Diego State,1,1989,1989,1,https://www.profootballarchives.com/players/a/arie00200.html
Obed,Ariri Clemson,2,1984,1987,18,https://www.profootballarchives.com/players/a/arir00200.html
David,Arkin Missouri State,2,2013,2016,3,https://www.profootballarchives.com/players/a/arki00200.html
Alex,Armah West Georgia,8,2017,2023,79,https://www.profootballarchives.com/players/a/arma00150.html
Thurston,Armbrister Miami (Florida),3,2015,2018,31,https://www.profootballarchives.com/players/a/armb00200.html
JoJuan,Armour Miami (Ohio),4,1999,2002,38,https://www.profootballarchives.com/players/a/armo00150.html
Justin,Armour Stanford,4,1995,1999,39,https://www.profootballarchives.com/players/a/armo00200.html
Phil,Armour North Texas,1,2000,2000,3,https://www.profootballarchives.com/players/a/armo00500.html
Jalyn,Armour-Davis Alabama,3,2022,2024,19,https://www.profootballarchives.com/players/a/armo00800.html
Loyd,Arms Oklahoma State,3,1946,1948,32,https://www.profootballarchives.com/players/a/arms00200.html
Arik,Armstead Oregon,10,2015,2024,133,https://www.profootballarchives.com/players/a/arms00240.html
Jessie,Armstead Miami (Florida),11,1993,2003,176,https://www.profootballarchives.com/players/a/arms00400.html
Ryquell,Armstead Temple,2,2019,2021,18,https://www.profootballarchives.com/players/a/arms00425.html
Terron,Armstead Arkansas-Pine Bluff,12,2013,2024,136,https://www.profootballarchives.com/players/a/arms00430.html
Adger,Armstrong Texas A&M,6,1980,1985,80,https://www.profootballarchives.com/players/a/arms00600.html
Anthony,Armstrong West Texas A&M,4,2010,2012,35,https://www.profootballarchives.com/players/a/arms00650.html
Antonio,Armstrong Texas A&M,1,1995,1995,4,https://www.profootballarchives.com/players/a/arms00700.html
Bill,Armstrong UCLA,1,1943,1943,4,https://www.profootballarchives.com/players/a/arms00800.html
Bob,Armstrong Missouri,2,1931,1932,19,https://www.profootballarchives.com/players/a/arms01000.html
Bruce,Armstrong Louisville,14,1987,2000,212,https://www.profootballarchives.com/players/a/arms01200.html
Charley,Armstrong Mississippi College,2,1941,1946,13,https://www.profootballarchives.com/players/a/arms01400.html
Cornell,Armstrong Southern Mississippi,4,2018,2022,40,https://www.profootballarchives.com/players/a/arms01435.html
Derick,Armstrong Tyler JC; Arkansas-Monticello,3,2003,2005,35,https://www.profootballarchives.com/players/a/arms01460.html
Dorance,Armstrong Kansas,7,2018,2024,109,https://www.profootballarchives.com/players/a/arms01465.html
Graham,Armstrong John Carroll,4,1941,1948,37,https://www.profootballarchives.com/players/a/arms01600.html
Harvey,Armstrong Southern Methodist,8,1982,1990,111,https://www.profootballarchives.com/players/a/arms01800.html
Jimmy,Armstrong Appalachian State,1,1987,1987,2,https://www.profootballarchives.com/players/a/arms02200.html
John,Armstrong Northwest Mississippi CC; Richmond,1,1987,1987,3,https://www.profootballarchives.com/players/a/arms02400.html
Johnny,Armstrong Dubuque,4,1923,1926,35,https://www.profootballarchives.com/players/a/arms02600.html
Neill,Armstrong Oklahoma State,5,1947,1951,54,https://www.profootballarchives.com/players/a/arms03000.html
Norris,Armstrong Centre,1,1922,1922,1,https://www.profootballarchives.com/players/a/arms03200.html
Otis,Armstrong Purdue,8,1973,1980,96,https://www.profootballarchives.com/players/a/arms03400.html
Quincy,Armstrong North Texas,1,1954,1954,1,https://www.profootballarchives.com/players/a/arms03500.html
Ray,Armstrong Texas Christian,1,1960,1960,14,https://www.profootballarchives.com/players/a/arms03600.html
Ray-Ray,Armstrong Miami (Florida),13,2013,2020,86,https://www.profootballarchives.com/players/a/arms03610.html
Trace,Armstrong Arizona State; Florida,15,1989,2003,211,https://www.profootballarchives.com/players/a/arms04200.html
Tyji,Armstrong Iowa Central CC; Mississippi,6,1992,1998,87,https://www.profootballarchives.com/players/a/arms04400.html
Al,Arndt South Dakota State,1,1935,1935,7,https://www.profootballarchives.com/players/a/arnd00200.html
Dick,Arndt Stanford; Idaho,4,1967,1970,34,https://www.profootballarchives.com/players/a/arnd00400.html
Jim,Arneson Arizona,3,1973,1975,33,https://www.profootballarchives.com/players/a/arne00200.html
Mark,Arneson Arizona,9,1972,1980,127,https://www.profootballarchives.com/players/a/arne00400.html
Jon,Arnett Southern California,10,1957,1966,123,https://www.profootballarchives.com/players/a/arne00600.html
Damon,Arnette Ohio State,2,2020,2021,12,https://www.profootballarchives.com/players/a/arne01000.html
Brian,Arnfelt Northwestern,1,2013,2013,2,https://www.profootballarchives.com/players/a/arnf00200.html
Dan,Arnold Wisconsin-Platteville,7,2018,2022,59,https://www.profootballarchives.com/players/a/arno00240.html
David,Arnold Michigan,1,1989,1989,15,https://www.profootballarchives.com/players/a/arno00300.html
Grayland,Arnold Baylor,4,2020,2023,26,https://www.profootballarchives.com/players/a/arno00470.html
Jahine,Arnold DeAnza JC; Fresno State,3,1996,1999,13,https://www.profootballarchives.com/players/a/arno00500.html
Jay,Arnold Texas,5,1937,1941,50,https://www.profootballarchives.com/players/a/arno00600.html
Jim,Arnold Vanderbilt,12,1983,1994,174,https://www.profootballarchives.com/players/a/arno00800.html
John,Arnold Wyoming,2,1979,1980,17,https://www.profootballarchives.com/players/a/arno01000.html
LeFrancis,Arnold Oregon,1,1974,1974,2,https://www.profootballarchives.com/players/a/arno01070.html
Terrion,Arnold Alabama,1,2024,2024,16,https://www.profootballarchives.com/players/a/arno01147.html
Walt,Arnold New Mexico,9,1980,1987,105,https://www.profootballarchives.com/players/a/arno01200.html
Stanley,Arnoux Wake Forest,1,2010,2010,9,https://www.profootballarchives.com/players/a/arno02600.html
Devin,Aromashodu Auburn,5,2007,2012,61,https://www.profootballarchives.com/players/a/arom00200.html
Doug,Aronson San Diego State,1,1987,1987,2,https://www.profootballarchives.com/players/a/aron00200.html
John,Arp Joliet JC; Lincoln (Missouri),1,1987,1987,2,https://www.profootballarchives.com/players/a/arp000200.html
Adrian,Arrington Michigan,2,2010,2011,5,https://www.profootballarchives.com/players/a/arri00090.html
J.J.,Arrington Canyons JC; California,4,2005,2008,58,https://www.profootballarchives.com/players/a/arri00160.html
Kyle,Arrington Hofstra,8,2009,2015,102,https://www.profootballarchives.com/players/a/arri00180.html
LaVar,Arrington Penn State,7,2000,2006,85,https://www.profootballarchives.com/players/a/arri00200.html
Rick,Arrington Georgia; Tulsa,3,1970,1972,17,https://www.profootballarchives.com/players/a/arri00230.html
Chuck,Arrobio Southern California,1,1966,1966,11,https://www.profootballarchives.com/players/a/arro00200.html
Arrow,Head,1,1923,1923,4,https://www.profootballarchives.com/players/a/arro00400.html
Elmer,Arterburn Texas Tech,1,1954,1954,1,https://www.profootballarchives.com/players/a/arte00200.html
Gary,Arthur Miami (Ohio),2,1970,1971,21,https://www.profootballarchives.com/players/a/arth00200.html
Mike,Arthur Texas A&M,6,1991,1996,64,https://www.profootballarchives.com/players/a/arth00400.html
Cameron,Artis-Payne Allan Hancock JC; Auburn,4,2015,2018,32,https://www.profootballarchives.com/players/a/arti00200.html
Corrie,Artman Stanford,3,1931,1933,21,https://www.profootballarchives.com/players/a/artm00200.html
Rodney,Artmore Garden City CC; Baylor,1,1999,1999,5,https://www.profootballarchives.com/players/a/artm00400.html
Lee,Artoe Santa Clara; California,7,1940,1948,84,https://www.profootballarchives.com/players/a/arto00200.html
Herman,Arvie Grambling State,4,1993,1996,62,https://www.profootballarchives.com/players/a/arvi00200.html
Doug,Asad Northwestern,2,1960,1961,27,https://www.profootballarchives.com/players/a/asad00200.html
Brian,Asamoah Oklahoma,3,2022,2024,46,https://www.profootballarchives.com/players/a/asam00100.html
Jon,Asamoah Illinois,5,2010,2014,75,https://www.profootballarchives.com/players/a/asam00200.html
Larry,Asante Coffeyville CC; Nebraska,5,2010,2015,39,https://www.profootballarchives.com/players/a/asan00200.html
Willie,Asbury Kent State,3,1966,1968,33,https://www.profootballarchives.com/players/a/asbu00200.html
Darrel,Aschbacher Boise JC: Oregon,1,1959,1959,11,https://www.profootballarchives.com/players/a/asch00200.html
Frank,Aschenbrenner Marquette; Northwestern,1,1949,1949,6,https://www.profootballarchives.com/players/a/asch00400.html
Juddy,Ash Oregon State,1,1926,1926,2,https://www.profootballarchives.com/players/a/ash000200.html
Richard,Ash Michigan; Western Michigan,4,2015,2017,13,https://www.profootballarchives.com/players/a/ash000410.html
John,Ashbaugh St. Thomas (Minnesota),1,1924,1924,1,https://www.profootballarchives.com/players/a/ashb00400.html
Cliff,Ashburn Nebraska,1,1929,1929,13,https://www.profootballarchives.com/players/a/ashb00600.html
Richard,Ashe Cal Poly (Humboldt),1,1990,1990,1,https://www.profootballarchives.com/players/a/ashe00200.html
Bob,Asher Vanderbilt,5,1970,1975,58,https://www.profootballarchives.com/players/a/ashe00400.html
Jamie,Asher Louisville,4,1995,1998,48,https://www.profootballarchives.com/players/a/ashe00600.html
Walker,Lee Ashley Penn State,7,1983,1990,94,https://www.profootballarchives.com/players/a/ashl00200.html
Darryl,Ashmore Northwestern,10,1993,2001,119,https://www.profootballarchives.com/players/a/ashm00200.html
Marion,Ashmore Gonzaga,4,1926,1929,38,https://www.profootballarchives.com/players/a/ashm00400.html
Josh,Ashton Blinn JC; Tulsa,4,1972,1975,40,https://www.profootballarchives.com/players/a/asht00200.html
Tom,Ashworth Colorado,6,2002,2007,66,https://www.profootballarchives.com/players/a/ashw00400.html
Devin,Asiasi Michigan; UCLA,3,2020,2022,20,https://www.profootballarchives.com/players/a/asia00050.html
Isaac,Asiata Utah,2,2017,2018,2,https://www.profootballarchives.com/players/a/asia00100.html
Johan,Asiata Yuba JC; Nevada-Las Vegas,1,2010,2010,2,https://www.profootballarchives.com/players/a/asia00200.html
Matt,Asiata Snow JC; Utah,5,2012,2016,74,https://www.profootballarchives.com/players/a/asia00400.html
K.C.,Asiodu Nevada-Las Vegas; Central Oklahoma,2,2009,2010,11,https://www.profootballarchives.com/players/a/asio00200.html
Joe,Aska Cisco JC; Coffeyville CC; Central Oklahoma,3,1995,1997,23,https://www.profootballarchives.com/players/a/aska00200.html
Mike,Askea Sequoias JC; Stanford,1,1973,1973,4,https://www.profootballarchives.com/players/a/aske00200.html
B.J.,Askew Michigan,7,2003,2009,83,https://www.profootballarchives.com/players/a/aske00300.html
Matthias,Askew Michigan State,2,2004,2005,6,https://www.profootballarchives.com/players/a/aske00330.html
Bert,Askson Texas Southern,5,1971,1977,54,https://www.profootballarchives.com/players/a/asks00200.html
Jim,Asmus Mount San Antonio JC; Hawaii,1,1987,1987,3,https://www.profootballarchives.com/players/a/asmu00200.html
Nnamdi,Asomugha California,11,2003,2013,157,https://www.profootballarchives.com/players/a/asom00200.html
Ed,Aspatore Marquette,1,1934,1934,6,https://www.profootballarchives.com/players/a/aspa00200.html
Mark,Asper Oregon,2,2012,2013,7,https://www.profootballarchives.com/players/a/aspe00200.html
Les,Asplundh Swarthmore,2,1925,1926,6,https://www.profootballarchives.com/players/a/aspl00200.html
Jack,Atchason Western Illinois,2,1960,1960,3,https://www.profootballarchives.com/players/a/atch00200.html
Burl,Atcheson none,1,1922,1922,1,https://www.profootballarchives.com/players/a/atch00400.html
Tim,Atchison Baylor,1,2011,2011,1,https://www.profootballarchives.com/players/a/atch01000.html
Marcell,Ateman Oklahoma State,3,2018,2021,19,https://www.profootballarchives.com/players/a/atem00200.html
Bill,Atessis Texas,1,1971,1971,5,https://www.profootballarchives.com/players/a/ates00200.html
Pete,Athas Tennessee,7,1971,1976,79,https://www.profootballarchives.com/players/a/atha00200.html
Dale,Atkeson none,3,1954,1956,26,https://www.profootballarchives.com/players/a/atke00200.html
Baraka,Atkins Miami (Florida),2,2007,2008,21,https://www.profootballarchives.com/players/a/atki00130.html
Billy,Atkins Auburn,8,1958,1964,64,https://www.profootballarchives.com/players/a/atki00200.html
Bob,Atkins Grambling State,9,1968,1976,114,https://www.profootballarchives.com/players/a/atki00400.html
Corey,Atkins South Carolina,1,2000,2000,12,https://www.profootballarchives.com/players/a/atki00500.html
Dave,Atkins New Mexico Military Institute JC; Texas-El Paso,3,1973,1975,9,https://www.profootballarchives.com/players/a/atki00600.html
Doug,Atkins Tennessee,17,1953,1969,205,https://www.profootballarchives.com/players/a/atki00800.html
Gene,Atkins Florida A&M,10,1987,1996,143,https://www.profootballarchives.com/players/a/atki01000.html
Geno,Atkins Georgia,11,2010,2020,161,https://www.profootballarchives.com/players/a/atki01050.html
George,Atkins Auburn,1,1955,1955,12,https://www.profootballarchives.com/players/a/atki01200.html
James,Atkins Louisiana-Lafayette,7,1994,2000,63,https://www.profootballarchives.com/players/a/atki01300.html
James,Atkins Holmes CC; Nassau CC; Virginia Union,2,2003,2004,16,https://www.profootballarchives.com/players/a/atki01310.html
John,Atkins Georgia,2,2018,2019,14,https://www.profootballarchives.com/players/a/atki01360.html
Kelvin,Atkins Illinois,1,1983,1983,13,https://www.profootballarchives.com/players/a/atki01400.html
Larry,Atkins UCLA,5,1999,2003,49,https://www.profootballarchives.com/players/a/atki01500.html
Pervis,Atkins Santa Ana JC; New Mexico State,7,1961,1966,78,https://www.profootballarchives.com/players/a/atki01600.html
Steve,Atkins Maryland,4,1979,1981,20,https://www.profootballarchives.com/players/a/atki01800.html
Al,Atkinson Villanova,10,1965,1974,120,https://www.profootballarchives.com/players/a/atki02000.html
Frank,Atkinson Menlo JC; Stanford,2,1963,1964,17,https://www.profootballarchives.com/players/a/atki02600.html
George,Atkinson Morris Brown,11,1968,1979,144,https://www.profootballarchives.com/players/a/atki02700.html
George,Atkinson Notre Dame,2,2014,2016,21,https://www.profootballarchives.com/players/a/atki02701.html
Jess,Atkinson Maryland,5,1985,1988,11,https://www.profootballarchives.com/players/a/atki02800.html
Ricky,Atkinson Southern Connecticut State,1,1987,1987,1,https://www.profootballarchives.com/players/a/atki03000.html
O.J.,Atogwe Stanford,7,2005,2011,101,https://www.profootballarchives.com/players/a/atog00200.html
Reggie,Attache Sherman Indian,1,1922,1922,7,https://www.profootballarchives.com/players/a/atta00200.html
Jeremiah,Attaochu Georgia Tech,10,2014,2022,82,https://www.profootballarchives.com/players/a/atta00300.html
Alex,Atty West Virginia,1,1939,1939,3,https://www.profootballarchives.com/players/a/atty00200.html
Steve,Atwater Arkansas,11,1989,1999,167,https://www.profootballarchives.com/players/a/atwa00200.html
Tutu,Atwell Louisville,4,2021,2024,54,https://www.profootballarchives.com/players/a/atwe00401.html
Johnny,Atwood Wisconsin,1,1948,1948,8,https://www.profootballarchives.com/players/a/atwo00200.html
Brandon,Aubrey Notre Dame,2,2023,2024,34,https://www.profootballarchives.com/players/a/aubr00100.html
Josh,Aubrey Stephen F. Austin State,3,2013,2015,9,https://www.profootballarchives.com/players/a/aubr00200.html
Antony,Auclair Laval,5,2017,2021,56,https://www.profootballarchives.com/players/a/aucl00200.html
Earle,Audet Georgetown (DC); Southern California,4,1945,1948,50,https://www.profootballarchives.com/players/a/aude00200.html
Dan,Audick Hawaii,8,1977,1984,76,https://www.profootballarchives.com/players/a/audi00200.html
Howie,Auer Michigan,1,1933,1933,2,https://www.profootballarchives.com/players/a/auer00200.html
Jim,Auer Georgia,1,1987,1987,1,https://www.profootballarchives.com/players/a/auer00400.html
Joe,Auer Miami (Florida); Georgia Tech,5,1964,1968,51,https://www.profootballarchives.com/players/a/auer00600.html
Scott,Auer Michigan State,2,1984,1985,23,https://www.profootballarchives.com/players/a/auer00800.html
Todd,Auer Western Illinois,1,1987,1987,3,https://www.profootballarchives.com/players/a/auer01000.html
Dowe,Aughtman Auburn,1,1984,1984,7,https://www.profootballarchives.com/players/a/augh00200.html
Sky,August Villanova,1,1931,1931,7,https://www.profootballarchives.com/players/a/augu00200.html
Steve,August Tulsa,9,1977,1984,102,https://www.profootballarchives.com/players/a/augu00400.html
Gene,Augusterfer Catholic,1,1935,1935,1,https://www.profootballarchives.com/players/a/augu00600.html
Mike,Augustyniak Purdue,3,1981,1983,27,https://www.profootballarchives.com/players/a/augu00800.html
Chalmer,Ault West Virginia Wesleyan,2,1924,1925,3,https://www.profootballarchives.com/players/a/ault00200.html
Sala,Aumavae-Laulu Navarro JC; Oregon,1,2024,2024,2,https://www.profootballarchives.com/players/a/auma00400.html
Dave,Aupiu Brigham Young,1,1987,1987,1,https://www.profootballarchives.com/players/a/aupi00200.html
David,Ausberry Southern California,3,2011,2014,34,https://www.profootballarchives.com/players/a/ausb00100.html
Alex,Austin Oregon State,3,2023,2024,17,https://www.profootballarchives.com/players/a/aust00127.html
Bill,Austin Oregon State,7,1949,1957,79,https://www.profootballarchives.com/players/a/aust00200.html
Billy,Austin New Mexico,3,1998,2000,33,https://www.profootballarchives.com/players/a/aust00300.html
Blessuan,Austin Rutgers,3,2019,2021,29,https://www.profootballarchives.com/players/a/aust00310.html
Calvin,Austin Memphis,2,2023,2024,34,https://www.profootballarchives.com/players/a/aust00340.html
Cliff,Austin Clemson,5,1983,1987,58,https://www.profootballarchives.com/players/a/aust00400.html
Darrell,Austin South Carolina,6,1975,1980,69,https://www.profootballarchives.com/players/a/aust00600.html
Eric,Austin Jackson State,1,1996,1996,2,https://www.profootballarchives.com/players/a/aust00700.html
Hise,Austin Prairie View A&M,2,1973,1975,12,https://www.profootballarchives.com/players/a/aust00800.html
Jim,Austin St. Mary's (California),3,1937,1939,28,https://www.profootballarchives.com/players/a/aust01000.html
Kent,Austin Mississippi,1,1986,1986,16,https://www.profootballarchives.com/players/a/aust01200.html
Kevin,Austin Notre Dame,1,2024,2024,8,https://www.profootballarchives.com/players/a/aust01210.html
Marvin,Austin North Carolina,4,2012,2014,27,https://www.profootballarchives.com/players/a/aust01280.html
Miles,Austin Monmouth (New Jersey),10,2006,2015,129,https://www.profootballarchives.com/players/a/aust01300.html
Ocie,Austin Utah State,4,1968,1971,49,https://www.profootballarchives.com/players/a/aust01400.html
Ray,Austin Tennessee,3,1997,1999,43,https://www.profootballarchives.com/players/a/aust01600.html
Reggie,Austin Wake Forest,2,2001,2002,18,https://www.profootballarchives.com/players/a/aust01650.html
Rodney,Austin Elon,1,2013,2013,1,https://www.profootballarchives.com/players/a/aust01690.html
Tavon,Austin West Virginia,9,2013,2021,113,https://www.profootballarchives.com/players/a/aust01740.html
Terrence,Austin UCLA,2,2010,2011,18,https://www.profootballarchives.com/players/a/aust01750.html
Thomas,Austin Clemson,3,2011,2013,8,https://www.profootballarchives.com/players/a/aust01780.html
Billy,Autrey East Texas Baptist; Stephen F. Austin State,1,1953,1953,3,https://www.profootballarchives.com/players/a/autr00200.html
Darnell,Autry Northwestern,2,1997,2000,24,https://www.profootballarchives.com/players/a/autr00300.html
Denico,Autry East Mississippi CC; Mississippi State,11,2014,2024,152,https://www.profootballarchives.com/players/a/autr00310.html
Hank,Autry Southern Mississippi,2,1969,1970,28,https://www.profootballarchives.com/players/a/autr00400.html
Troy,Auzenne California,5,1992,1996,61,https://www.profootballarchives.com/players/a/auze00200.html
Jason,Avant Michigan,11,2006,2015,148,https://www.profootballarchives.com/players/a/avan00200.html
Chuck,Avedisian Providence,3,1942,1944,29,https://www.profootballarchives.com/players/a/aved00200.html
Bob,Avellini Maryland,9,1975,1984,73,https://www.profootballarchives.com/players/a/avel00200.html
John,Aveni Indiana,3,1959,1961,38,https://www.profootballarchives.com/players/a/aven00200.html
Anthony,Averett Alabama,5,2018,2022,51,https://www.profootballarchives.com/players/a/aver00140.html
Sisto,Averno Muhlenberg,5,1950,1954,51,https://www.profootballarchives.com/players/a/aver00200.html
Don,Avery Pomona JC,3,1946,1948,21,https://www.profootballarchives.com/players/a/aver00400.html
Donnie,Avery Houston,6,2008,2014,77,https://www.profootballarchives.com/players/a/aver00410.html
Genard,Avery Memphis,7,2018,2024,64,https://www.profootballarchives.com/players/a/aver00450.html
Jim,Avery Northern Illinois,1,1966,1966,1,https://www.profootballarchives.com/players/a/aver00600.html
John,Avery Northwest Mississippi CC; Mississippi,4,1998,2003,29,https://www.profootballarchives.com/players/a/aver00700.html
Ken,Avery Southern Mississippi,9,1967,1975,123,https://www.profootballarchives.com/players/a/aver00800.html
Steve,Avery Northern Michigan,4,1989,1995,27,https://www.profootballarchives.com/players/a/aver01000.html
Tre,Avery Toledo; Rutgers,3,2022,2024,39,https://www.profootballarchives.com/players/a/aver01100.html
Joe,Avezzano Florida State,1,1966,1966,3,https://www.profootballarchives.com/players/a/avez00200.html
Steve,Avila Texas Christian,2,2023,2024,27,https://www.profootballarchives.com/players/a/avil00600.html
Butch,Avinger Alabama,1,1953,1953,12,https://www.profootballarchives.com/players/a/avin00200.html
Cliff,Avril Purdue,10,2008,2017,140,https://www.profootballarchives.com/players/a/avri00400.html
Rob,Awalt Nevada-Reno; Sacramento CC; San Diego State,7,1987,1993,95,https://www.profootballarchives.com/players/a/awal00200.html
Adrian,Awasom North Texas,4,2005,2011,18,https://www.profootballarchives.com/players/a/awas00200.html
Kayode,Awosika Buffalo,4,2021,2024,37,https://www.profootballarchives.com/players/a/awos00200.html
Chidobe,Awuzie Colorado,8,2017,2024,94,https://www.profootballarchives.com/players/a/awuz00200.html
Brendon,Ayanbadejo Cabrillo JC; UCLA,10,2003,2012,142,https://www.profootballarchives.com/players/a/ayan00100.html
Obafemi,Ayanbadejo Cabrillo JC; San Diego State,9,1998,2006,101,https://www.profootballarchives.com/players/a/ayan00200.html
Buddy,Aydelette Alabama,2,1980,1987,21,https://www.profootballarchives.com/players/a/ayde00200.html
Akeem,Ayers UCLA,8,2011,2017,97,https://www.profootballarchives.com/players/a/ayer00070.html
DeMarcus,Ayers Houston,1,2016,2016,2,https://www.profootballarchives.com/players/a/ayer00150.html
John,Ayers Texas; West Texas A&M,11,1977,1987,157,https://www.profootballarchives.com/players/a/ayer00200.html
Marvin,Ayers Southern Methodist; Grambling State,1,1987,1987,2,https://www.profootballarchives.com/players/a/ayer00400.html
Robert,Ayers Tennessee,9,2009,2017,120,https://www.profootballarchives.com/players/a/ayer00800.html
Kole,Ayi Massachusetts,3,2001,2002,13,https://www.profootballarchives.com/players/a/ayi000200.html
Akin,Ayodele Coffeyville CC; Purdue,9,2002,2010,143,https://www.profootballarchives.com/players/a/ayod00200.html
Remi,Ayodele Northeastern Oklahoma A&M JC; Oklahoma,5,2007,2011,60,https://www.profootballarchives.com/players/a/ayod00400.html
Joe,Azelby Harvard,1,1984,1984,14,https://www.profootballarchives.com/players/a/azel00200.html
Jerry,Azumah New Hampshire,7,1999,2005,105,https://www.profootballarchives.com/players/a/azum00200.html
